,Name,Property Details,Purchase Price,Percent Funded,Share $ Avail.,Investors,Mo. Rent,Rent Ready Date,Address,Rental Status,Div Date,1st Div Yield,Ann. Equity Return,Ann. Div Yield,Hypoth. Ann. Return,Ttl Prop. Amt,Ttl Shares,Prop. Leverage,Timestamp,IPO Shareprice,AirDNA Market Grade
0,The Cardinal,"BED: 6    BATH: 4    SQ FT: 4,108    YEAR BUILT: 2001","$744,000",37% FUNDED,"$418,700",451,,DECEMBER 2022,"Address: 6085 N. 85th Avenue, Glendale, AZ 85305",,,,10.0%,4.0%,14.0%,"$978,326","66,585",42%,2022-09-08 16:48:20,$10,https://cdn.arrivedhomes.com/images/strContent/airdna-grade-the-cardinal.png
1,The Mirage,"BED: 4    BATH: 2    SQ FT: 1,666    YEAR BUILT: 2005","$629,900",36% FUNDED,"$533,550",487,,DECEMBER 2022,"Address: 62432 Golden Street, Joshua Tree, CA 92252",,,,5.3%,4.0%,9.3%,"$846,341","84,635",0%,2022-09-08 16:48:27,$10,https://cdn.arrivedhomes.com/images/strContent/airdna-grade-the-mirage.png
2,The Orchard,"BED: 3    BATH: 3    SQ FT: 2,912    YEAR BUILT: 2013","$550,000",24% FUNDED,"$627,280",393,,DECEMBER 2022,"Address: 109 Jonagold Lane, Blue Ridge, GA 30513",,,,5.7%,4.8%,10.5%,"$832,773","83,278",0%,2022-09-08 16:48:37,$10,https://cdn.arrivedhomes.com/images/strContent/airdna-grade-the-orchard.png
3,The Ace,"BED: 5    BATH: 3    SQ FT: 2,467    YEAR BUILT: 1979","$1,050,000",100% FUNDED,"$893,020",1016,,DECEMBER 2022,"Address: 14249 N. 49th Street, Scottsdale, AZ 85254",,,,12.6%,5.2%,17.8%,"$1,334,011","89,302",42%,2022-09-08 16:48:44,$10,https://cdn.arrivedhomes.com/images/strContent/airdna-grade-the-ace.png
4,The Oasis,"BED: 4    BATH: 4    SQ FT: 1,772    YEAR BUILT: 2020","$975,000",100% FUNDED,"$733,620",853,,OCTOBER 2022,"Address: 964 Youngs Lane, Nashville, TN 37207",,,,20.8%,4.4%,25.2%,"$1,221,119","73,362",50%,2022-09-08 16:48:54,$10,https://cdn.arrivedhomes.com/images/strContent/airdna-grade-the-oasis.png
5,The Quincy,"BED: 3    BATH: 2    SQ FT: 1,936    YEAR BUILT: 2020","$550,000",56% FUNDED,"$276,940",656,"$2,895",,"Address: 27003 East Archer Avenue, Aurora, CO 80018",SEEKING TENANT,JANUARY 2023,3.2% / YEAR,2.8%,3.2%,6.0%,"$630,062","63,007",0%,2022-09-08 16:49:00,$10,
6,The Winston,"BED: 3    BATH: 2    SQ FT: 1,750    YEAR BUILT: 2018","$329,000",50% FUNDED,"$187,800",393,"$1,695",,"Address: 8304 Stillwater Circle Northwest, Huntsville, AL 35806",SEEKING TENANT,JANUARY 2023,3.2% / YEAR,4.3%,3.2%,7.5%,"$381,732","38,174",0%,2022-09-08 16:49:05,$10,
7,The Creekwood,"BED: 3    BATH: 2    SQ FT: 1,658    YEAR BUILT: 2012","$289,500",42% FUNDED,"$112,240",181,"$1,695",,"Address: 361 Harbor Glen Drive Southwest, Madison, AL 35756",SEEKING TENANT,JANUARY 2023,2.0% / YEAR,7.7%,2.0%,9.7%,"$338,884","19,413",50%,2022-09-08 16:49:11,$10,
8,The Richardson,"BED: 3    BATH: 2    SQ FT: 1,665    YEAR BUILT: 2020","$315,000",37% FUNDED,"$231,840",333,"$1,695",,"Address: 531 Arkansas Black, Bentonville, AR 72712",SEEKING TENANT,OCTOBER 2022,3.2% / YEAR,2.0%,3.2%,5.2%,"$368,794","36,880",0%,2022-09-08 16:49:16,$10,
9,The Braxton,"BED: 4    BATH: 3    SQ FT: 1,436    YEAR BUILT: 2000","$323,500",23% FUNDED,"$290,130",267,"$1,695",,"Address: 10020 Braxton Drive, Union, KY 41091",SEEKING TENANT,JANUARY 2023,3.2% / YEAR,2.2%,3.2%,5.4%,"$380,134","38,014",0%,2022-09-08 16:49:21,$10,
10,The Taylor,"BED: 3    BATH: 2    SQ FT: 1,447    YEAR BUILT: 2004","$230,000",21% FUNDED,"$126,160",121,"$1,395",,"Address: 2209 44th Avenue, Northport, AL 35476",SEEKING TENANT,JANUARY 2023,2.4% / YEAR,4.7%,2.4%,7.1%,"$274,887","15,989",50%,2022-09-08 16:49:26,$10,
11,The Harrison,"BED: 3    BATH: 3.5    SQ FT: 2,732    YEAR BUILT: 2014","$460,000",100% FUNDED,"$305,856",575,"$2,895",,"Address: 5776 Caney Ridge Circle, Ooltewah, TN 37363",SEEKING TENANT,JANUARY 2023,2.4% / YEAR,10.0%,2.4%,12.4%,"$535,856","30,586",50%,2022-09-08 16:49:32,$10,
12,The Kessler,"BED: 3    BATH: 2    SQ FT: 1,286    YEAR BUILT: 2008","$257,000",100% FUNDED,"$173,485",338,"$1,595",,"Address: 12520 Meadow Oaks Lane, Farmington, AR 72730",RENTED 🙌,JANUARY 2023,2.0% / YEAR,5.1%,2.0%,7.1%,"$301,985","17,348",50%,2022-09-08 16:49:37,$10,
13,The Cypress,"BED: 4    BATH: 3    SQ FT: 1,905    YEAR BUILT: 2000","$365,000",100% FUNDED,"$246,258",514,"$2,295",,"Address: 3450 Cypress Club Trail, Austell, GA 30106",SEEKING TENANT,JANUARY 2023,2.4% / YEAR,6.0%,2.4%,8.4%,"$428,758","24,626",50%,2022-09-08 16:49:42,$10,
14,The Marietta,"BED: 4    BATH: 2.5    SQ FT: 2,158    YEAR BUILT: 2022","$304,225",100% FUNDED,"$204,690",303,"$2,195",,"Address: 436 Marietta Lane, Greer, SC 29651",SEEKING TENANT,OCTOBER 2022,3.6% / YEAR,6.2%,3.6%,9.8%,"$356,796","20,469",50%,2022-09-08 16:49:47,$10,
15,The Aster,"BED: 3    BATH: 2    SQ FT: 1,502    YEAR BUILT: 1997","$255,000",100% FUNDED,"$173,210",381,"$1,695",,"Address: 490 West Aster Avenue, Farmington, AR 72730",SEEKING TENANT,OCTOBER 2022,2.4% / YEAR,5.0%,2.4%,7.4%,"$300,706","17,321",50%,2022-09-08 16:49:52,$10,
16,The Cumberland,"BED: 3    BATH: 2    SQ FT: 1,396    YEAR BUILT: 2019","$295,000",100% FUNDED,"$345,300",545,"$1,695",,"Address: 702 Jim Brown Drive, Clarksville, TN 37042",RENTED 🙌,OCTOBER 2022,3.2% / YEAR,7.3%,3.2%,10.5%,"$345,299","34,530",0%,2022-09-08 16:49:58,$10,
17,The Bonneau,"BED: 3    BATH: 3    SQ FT: 2,355    YEAR BUILT: 2020","$336,000",100% FUNDED,"$392,050",690,"$2,195",,"Address: 120 Caleb Court, Ladson, SC 29456",SEEKING TENANT,OCTOBER 2022,3.2% / YEAR,3.7%,3.2%,6.9%,"$392,042","39,205",0%,2022-09-08 16:50:03,$10,
18,El Camino,"BED: 3    BATH: 2    SQ FT: 1,540    YEAR BUILT: 2017","$265,000",100% FUNDED,"$310,310",592,"$1,595",,"Address: 326 32nd Place East, Tuscaloosa, AL 35405",RENTED 🙌,OCTOBER 2022,3.6% / YEAR,0.6%,3.6%,4.2%,"$310,309","31,031",0%,2022-09-08 16:50:08,$10,
19,The Highland,"BED: 4    BATH: 2.5    SQ FT: 1,926    YEAR BUILT: 2022","$272,973",100% FUNDED,"$324,310",480,"$1,995",,"Address: 139 Highland Park Court, Easley, SC 29642",SEEKING TENANT,OCTOBER 2022,3.6% / YEAR,6.8%,3.6%,10.4%,"$324,312","32,431",0%,2022-09-08 16:50:12,$10,
20,The Reginald,"BED: 5    BATH: 4    SQ FT: 4,020    YEAR BUILT: 2008","$435,000",100% FUNDED,"$503,860",1012,"$2,595",,"Address: 1201 Ithaca Drive, McDonough, GA 30253",SEEKING TENANT,OCTOBER 2022,3.6% / YEAR,3.4%,3.6%,7.0%,"$503,856","50,386",0%,2022-09-08 16:50:16,$10,
21,The Conway,"BED: 3    BATH: 2.5    SQ FT: 2,241    YEAR BUILT: 2022","$685,000",100% FUNDED,"$783,110",1290,"$3,695",,"Address: 1113 Leland Avenue, Unit A, Nashville, TN 37216",SEEKING TENANT,OCTOBER 2022,3.6% / YEAR,9.2%,3.6%,12.8%,"$783,103","78,311",0%,2022-09-08 16:50:20,$10,
22,The Belle,"BED: 5    BATH: 4    SQ FT: 3,006    YEAR BUILT: 2015","$440,000",100% FUNDED,"$504,100",802,"$2,495",,"Address: 1205 Ithaca Drive, McDonough, GA 30253",RENTED 🙌,OCTOBER 2022,3.2% / YEAR,3.4%,3.2%,6.6%,"$504,093","50,410",0%,2022-09-08 16:50:24,$10,
23,The Chitwood,"BED: 4    BATH: 2.5    SQ FT: 2,245    YEAR BUILT: 2019","$385,000",100% FUNDED,"$442,140",887,"$2,195",,"Address: 7159 Berringer Court, Maineville, OH 45039",SEEKING TENANT,OCTOBER 2022,3.2% / YEAR,5.0%,3.2%,8.2%,"$442,134","44,214",0%,2022-09-08 16:50:28,$10,
24,The Spring,"BED: 3    BATH: 2    SQ FT: 1,432    YEAR BUILT: 2011","$248,000",100% FUNDED,"$288,470",499,"$1,695",,"Address: 352 Robin Helton Drive, Boiling Springs, SC 29316",RENTED 🙌,OCTOBER 2022,3.2% / YEAR,9.8%,3.2%,13.0%,"$288,464","28,847",0%,2022-09-08 16:50:31,$10,
25,The Daisy,"BED: 4    BATH: 2    SQ FT: 1,750    YEAR BUILT: 2003","$302,000",100% FUNDED,"$352,060",605,"$1,695",,"Address: 1812 Anthony Drive, Rogers, AR 72756",RENTED 🙌,OCTOBER 2022,3.2% / YEAR,2.2%,3.2%,5.4%,"$352,052","35,206",0%,2022-09-08 16:50:35,$10,
26,The Henry,"BED: 5    BATH: 3    SQ FT: 3,158    YEAR BUILT: 2015","$412,000",100% FUNDED,"$475,750",822,"$2,450",,"Address: 332 Madison Grace Avenue, McDonough, GA 30252",RENTED 🙌,OCTOBER 2022,3.6% / YEAR,5.0%,3.6%,8.6%,"$475,743","47,575",0%,2022-09-08 16:50:39,$10,
27,The Sodalis,"BED: 3    BATH: 3    SQ FT: 2,027    YEAR BUILT: 2012","$290,000",100% FUNDED,"$337,030",675,"$1,795",,"Address: 8539 Gold Rush Way, Camby, IN 46113",SEEKING TENANT,OCTOBER 2022,3.2% / YEAR,7.6%,3.2%,10.8%,"$337,021","33,703",0%,2022-09-08 16:50:43,$10,
28,The Loretta,"BED: 3    BATH: 2.5    SQ FT: 2,278    YEAR BUILT: 2022","$685,000",100% FUNDED,"$783,110",1282,"$3,695",,"Address: 1113 Leland Avenue, Unit B, Nashville, TN 37216",SEEKING TENANT,OCTOBER 2022,3.6% / YEAR,9.2%,3.6%,12.8%,"$783,103","78,311",0%,2022-09-08 16:50:47,$10,
29,The Kenny,"BED: 3    BATH: 3.5    SQ FT: 2,318    YEAR BUILT: 2022","$690,000",100% FUNDED,"$794,230",1108,"$3,895",,"Address: 1843 Meade Avenue, Nashville, TN 37207",SEEKING TENANT,OCTOBER 2022,3.2% / YEAR,12.1%,3.2%,15.3%,"$794,227","79,423",0%,2022-09-08 16:50:50,$10,
30,The Creekside,"BED: 3    BATH: 2    SQ FT: 1,621    YEAR BUILT: 2021","$311,500",100% FUNDED,"$361,930",595,"$1,945",,"Address: 439 North Otoe Street, Farmington, AR 72730",RENTED 🙌,OCTOBER 2022,3.6% / YEAR,2.4%,3.6%,6.0%,"$361,928","36,193",0%,2022-09-08 16:50:54,$10,
31,The Willow,"BED: 3    BATH: 2    SQ FT: 1,423    YEAR BUILT: 2018","$293,000",100% FUNDED,"$340,970",572,"$1,745",,"Address: 825 Northwest 68th Avenue, Bentonville, AR 72712",RENTED 🙌,OCTOBER 2022,3.2% / YEAR,1.9%,3.2%,5.1%,"$340,969","34,097",0%,2022-09-08 16:50:58,$10,
32,The Wilson,"BED: 4    BATH: 2.5    SQ FT: 2,172    YEAR BUILT: 2005","$385,000",100% FUNDED,"$449,570",663,"$2,220",,"Address: 6217 West Persimmon Street, Fayetteville, AR 72704",RENTED 🙌,OCTOBER 2022,3.2% / YEAR,5.2%,3.2%,8.4%,"$449,567","44,957",0%,2022-09-08 16:51:02,$10,
33,The Dogwood,"BED: 3    BATH: 2    SQ FT: 1,561    YEAR BUILT: 2020","$240,000",100% FUNDED,"$280,620",638,"$1,495",,"Address: 1335 Maxwell Circle, Tuscaloosa, AL 35405",RENTED 🙌,OCTOBER 2022,3.2% / YEAR,0.6%,3.2%,3.8%,"$280,619","28,062",0%,2022-09-08 16:51:06,$10,
34,The Walton,"BED: 3    BATH: 3    SQ FT: 1,629    YEAR BUILT: 2013","$300,000",100% FUNDED,"$347,030",594,"$1,795",,"Address: 3211 SW Stonepoint Avenue, Bentonville, AR 72713",SEEKING TENANT,OCTOBER 2022,3.2% / YEAR,1.9%,3.2%,5.1%,"$347,021","34,703",0%,2022-09-08 16:51:09,$10,
35,The Clover,"BED: 4    BATH: 3    SQ FT: 2,576    YEAR BUILT: 2002","$330,000",100% FUNDED,"$381,960",663,"$1,895",,"Address: 125 Cloverwood Drive SW, Huntsville, AL 35824",RENTED 🙌,OCTOBER 2022,3.6% / YEAR,3.4%,3.6%,7.0%,"$381,959","38,196",0%,2022-09-08 16:51:13,$10,
36,The Dolly,"BED: 3    BATH: 3    SQ FT: 2,276    YEAR BUILT: 2022","$690,000",100% FUNDED,"$794,230",1230,"$3,895",,"Address: 1845 Meade Avenue, Nashville, TN 37207",SEEKING TENANT,OCTOBER 2022,3.2% / YEAR,12.1%,3.2%,15.3%,"$794,227","79,423",0%,2022-09-08 16:51:17,$10,
37,The Riverwalk,"BED: 4    BATH: 3    SQ FT: 2,251    YEAR BUILT: 2013","$395,000",100% FUNDED,"$457,190",891,"$2,395",,"Address: 6377 Winlerkorn Lane, Ooltewah, TN 37363",RENTED 🙌,OCTOBER 2022,3.6% / YEAR,4.8%,3.6%,8.4%,"$457,186","45,719",0%,2022-09-08 16:51:21,$10,
38,The Collier,"BED: 3    BATH: 3    SQ FT: 2,192    YEAR BUILT: 2020","$355,000",100% FUNDED,"$410,890",733,"$2,095",,"Address: 1129 Cloud View Drive, Powell, TN 37849",SEEKING TENANT,OCTOBER 2022,3.6% / YEAR,4.3%,3.6%,7.9%,"$410,887","41,089",0%,2022-09-08 16:51:24,$10,
39,The Folly,"BED: 3    BATH: 3    SQ FT: 1,798    YEAR BUILT: 2016","$312,000",100% FUNDED,"$362,950",609,"$2,095",,"Address: 199 Longford Drive, Summerville, SC 29485",SEEKING TENANT,OCTOBER 2022,3.2% / YEAR,4.9%,3.2%,8.1%,"$362,949","36,295",0%,2022-09-08 16:51:28,$10,
40,The Dorchester,"BED: 3    BATH: 2.5    SQ FT: 2,470    YEAR BUILT: 2016","$345,000",100% FUNDED,"$402,270",644,"$2,295",,"Address: 115 Rawlins Drive, Summerville, SC 29485",SEEKING TENANT,OCTOBER 2022,3.2% / YEAR,4.9%,3.2%,8.1%,"$402,268","40,227",0%,2022-09-08 16:51:31,$10,
41,The Bazzel,"BED: 4    BATH: 3    SQ FT: 2,060    YEAR BUILT: 2017","$248,500",100% FUNDED,"$291,260",622,"$1,695",,"Address: 663 Markham Circle, Moore, SC 29369",SEEKING TENANT,OCTOBER 2022,3.2% / YEAR,4.1%,3.2%,7.3%,"$291,258","29,126",0%,2022-09-08 16:51:34,$10,
42,The June,"BED: 3    BATH: 3    SQ FT: 2,020    YEAR BUILT: 2021","$585,000",100% FUNDED,"$667,890",1054,"$3,320",,"Address: 520 Yokley Drive, Nashville, TN 37207",RENTED 🙌,OCTOBER 2022,3.6% / YEAR,12.1%,3.6%,15.7%,"$667,887","66,789",0%,2022-09-08 16:51:38,$10,
43,The Johnny,"BED: 3    BATH: 3    SQ FT: 2,020    YEAR BUILT: 2021","$585,000",100% FUNDED,"$667,890",1096,"$3,195",,"Address: 518 Yokley Drive, Nashville, TN 37207",SEEKING TENANT,OCTOBER 2022,3.6% / YEAR,12.1%,3.6%,15.7%,"$667,887","66,789",0%,2022-09-08 16:51:42,$10,
44,The Osprey,"BED: 4    BATH: 3    SQ FT: 2,346    YEAR BUILT: 2006","$350,000",100% FUNDED,"$404,590",531,"$2,295",,"Address: 5121 Morrow Lane, Summerville, SC 29485",RENTED 🙌,OCTOBER 2022,3.2% / YEAR,4.9%,3.2%,8.1%,"$404,588","40,459",0%,2022-09-08 16:51:46,$10,
45,The Lookout,"BED: 3    BATH: 2    SQ FT: 1,523    YEAR BUILT: 2001","$345,000",100% FUNDED,"$399,190",862,"$1,945",,"Address: 6872 Axiom Lane, Ooltewah, TN 37363",RENTED 🙌,OCTOBER 2022,3.2% / YEAR,4.8%,3.2%,8.0%,"$399,186","39,919",0%,2022-09-08 16:51:52,$10,
46,The Reynolds,"BED: 4    BATH: 4    SQ FT: 3,008    YEAR BUILT: 2018","$430,000",100% FUNDED,"$492,750",768,"$2,495",,"Address: 2712 Trey Court, Ellenwood, GA 30294",RENTED 🙌,OCTOBER 2022,3.2% / YEAR,2.8%,3.2%,6.0%,"$492,743","49,275",0%,2022-09-08 16:51:56,$10,
47,The Kennesaw,"BED: 5    BATH: 3    SQ FT: 2,906    YEAR BUILT: 2012","$425,000",100% FUNDED,"$488,200",781,"$2,495",,"Address: 2557 Kolb Manor Circle SW, Marietta, GA 30008",RENTED 🙌,OCTOBER 2022,3.2% / YEAR,1.8%,3.2%,5.0%,"$488,196","48,820",0%,2022-09-08 16:52:00,$10,
48,The Pioneer,"BED: 3    BATH: 3    SQ FT: 2,714    YEAR BUILT: 2021","$574,800",100% FUNDED,"$655,780",934,"$3,095",,"Address: 9363 Sedalia Street, Commerce City, CO 80022",SEEKING TENANT,OCTOBER 2022,3.2% / YEAR,3.0%,3.2%,6.2%,"$655,773","65,578",0%,2022-09-08 16:52:04,$10,
49,The Jake,"BED: 3    BATH: 3    SQ FT: 3,131    YEAR BUILT: 2010","$593,200",100% FUNDED,"$676,310",842,"$3,095",,"Address: 10803 Sedalia Circle, Commerce City, CO 80022",SEEKING TENANT,OCTOBER 2022,3.2% / YEAR,3.0%,3.2%,6.2%,"$676,309","67,631",0%,2022-09-08 16:52:08,$10,
50,The Holcomb,"BED: 4    BATH: 2.5    SQ FT: 2,102    YEAR BUILT: 2019","$355,000",100% FUNDED,"$409,520",608,"$2,095",,"Address: 1994 Bridgewater Pass, Hampton, GA 30228",RENTED 🙌,OCTOBER 2022,3.2% / YEAR,4.6%,3.2%,7.8%,"$409,516","40,952",0%,2022-09-08 16:52:11,$10,
51,The Latte,"BED: 5    BATH: 3    SQ FT: 3,162    YEAR BUILT: 2021","$365,000",100% FUNDED,"$417,440",554,"$2,195",,"Address: 6030 Thorntons Way Circle NW, Huntsville, AL 35810",RENTED 🙌,OCTOBER 2022,3.2% / YEAR,3.8%,3.2%,7.0%,"$417,433","41,744",0%,2022-09-08 16:52:16,$10,
52,The Dunbar,"BED: 5    BATH: 3    SQ FT: 2,190    YEAR BUILT: 2010","$322,000",100% FUNDED,"$373,350",838,"$1,795",,"Address: 1416 Mutual Drive, Clarksville, TN 37042",SEEKING TENANT,OCTOBER 2022,3.2% / YEAR,7.3%,3.2%,10.5%,"$373,341","37,335",0%,2022-09-08 16:52:19,$10,
53,The Nugget,"BED: 3    BATH: 3    SQ FT: 2,210    YEAR BUILT: 2020","$562,000",100% FUNDED,"$639,110",825,"$2,845",,"Address: 10134 Zeno Street, Commerce City, CO 80022",RENTED 🙌,JULY 2022,3.0% / YEAR,3.0%,3.0%,6.0%,"$639,103","63,911",0%,2022-09-08 16:52:23,$10,
54,The Pearl,"BED: 3    BATH: 3    SQ FT: 1,732    YEAR BUILT: 2017","$546,000",100% FUNDED,"$625,700",821,"$2,895",,"Address: 1929 14th Ave N, Nashville, TN 37208",SEEKING TENANT,JULY 2022,3.0% / YEAR,11.8%,3.0%,14.8%,"$625,691","62,570",0%,2022-09-08 16:52:27,$10,
55,The Hines,"BED: 3    BATH: 2    SQ FT: 1,321    YEAR BUILT: 2012","$255,000",100% FUNDED,"$296,570",864,"$1,620",,"Address: 1323 Whitt Lane, Clarksville, TN 37042",RENTED 🙌,OCTOBER 2022,3.6% / YEAR,7.3%,3.6%,10.9%,"$296,567","29,657",0%,2022-09-08 16:52:32,$10,
56,The Ritter,"BED: 4    BATH: 3    SQ FT: 2,980    YEAR BUILT: 2012","$508,000",100% FUNDED,"$580,780",745,"$2,795",,"Address: 8824 Canary Circle, Colorado Springs, CO 80908",SEEKING TENANT,OCTOBER 2022,3.2% / YEAR,2.9%,3.2%,6.1%,"$580,773","58,078",0%,2022-09-08 16:52:35,$10,
57,The 101,"BED: 3    BATH: 3    SQ FT: 1,772    YEAR BUILT: 2020","$635,000",100% FUNDED,"$726,460",956,"$3,395",,"Address: 2117 Herman Street, Nashville, TN 37208",SEEKING TENANT,OCTOBER 2022,3.2% / YEAR,11.8%,3.2%,15.0%,"$726,454","72,646",0%,2022-09-08 16:52:39,$10,
58,The Madison,"BED: 3    BATH: 2    SQ FT: 1,326    YEAR BUILT: 2015","$205,000",100% FUNDED,"$146,700",125,"$1,495",,"Address: 902 NW Appleby St, Huntsville, AL 35816",SEEKING TENANT,JULY 2022,3.6% / YEAR,10.0%,3.6%,13.6%,"$249,191","14,670",50%,2022-09-08 16:52:43,$10,
59,The Abbington,"BED: 3    BATH: 3    SQ FT: 2,097    YEAR BUILT: 2005","$480,000",100% FUNDED,"$554,050",608,"$2,495",,"Address: 3361 Cain Harbor Dr, Nashville, TN 37214",SEEKING TENANT,JULY 2022,3.0% / YEAR,6.0%,3.0%,9.0%,"$554,042","55,405",0%,2022-09-08 16:52:47,$10,
60,The Burlington,"BED: 5    BATH: 4    SQ FT: 2,727    YEAR BUILT: 2013","$653,500",100% FUNDED,"$744,070",853,"$3,395",,"Address: 10289 Nucla St, Commerce City, CO 80022",SEEKING TENANT,JULY 2022,3.0% / YEAR,3.0%,3.0%,6.0%,"$744,062","74,407",0%,2022-09-08 16:52:50,$10,
61,The Lannister,"BED: 3    BATH: 2    SQ FT: 1,176    YEAR BUILT: 2008","$175,000",100% FUNDED,"$96,130",959,"$1,195",,"Address: 2263 Reece Blvd, Tuscaloosa, AL 35401",SEEKING TENANT,JULY 2022,3.0% / YEAR,9.4%,3.0%,12.4%,"$211,624","9,613",66%,2022-09-08 16:52:53,$10,
62,The Baron,"BED: 3    BATH: 3    SQ FT: 2,363    YEAR BUILT: 2017","$570,000",100% FUNDED,"$653,080",554,"$2,795",,"Address: 12421 E 105th Place, Commerce City, CO 80022",SEEKING TENANT,JULY 2022,3.0% / YEAR,3.0%,3.0%,6.0%,"$653,072","65,308",0%,2022-09-08 16:52:57,$10,
63,The Swift,"BED: 5    BATH: 3    SQ FT: 2,384    YEAR BUILT: 2019","$346,000",100% FUNDED,"$395,630",344,"$2,295",,"Address: 3010 Chris Circle, Villa Rica, GA 30180",RENTED 🙌,JULY 2022,4.2% / YEAR,4.5%,4.2%,8.7%,"$395,629","39,563",0%,2022-09-08 16:53:01,$10,
64,The Wescott,"BED: 3    BATH: 3    SQ FT: 1,839    YEAR BUILT: 1997","$272,500",100% FUNDED,"$179,180",192,"$1,795",,"Address: 416 Sandburg Drive, Clarksville, TN 37042",RENTED 🙌,JULY 2022,3.0% / YEAR,15.1%,3.0%,18.1%,"$315,425","17,918",50%,2022-09-08 16:53:05,$10,
65,The Wildwood,"BED: 3    BATH: 2    SQ FT: 1,316    YEAR BUILT: 2017","$220,000",100% FUNDED,"$150,390",155,"$1,620",,"Address: 1672 Southern Heights Cr. SE, Cleveland, TN 37311",RENTED 🙌,JULY 2022,3.0% / YEAR,8.8%,3.0%,11.8%,"$260,382","15,039",50%,2022-09-08 16:53:09,$10,
66,The Magnolia,"BED: 3    BATH: 2    SQ FT: 1,650    YEAR BUILT: 1971","$250,000",100% FUNDED,"$114,770",154,"$1,935",,"Address: 4741 Kings Highway, Douglasville, GA 30135",RENTED 🙌,JULY 2022,3.0% / YEAR,5.6%,3.0%,8.6%,"$289,763","11,477",70%,2022-09-08 16:53:12,$10,
67,The Kirkwood,"BED: 3    BATH: 2    SQ FT: 1,358    YEAR BUILT: 2009","$260,000",100% FUNDED,"$116,610",103,"$1,595",,"Address: 1064 Cindy Jo Court, Clarksville, TN 37040",RENTED 🙌,JULY 2022,3.0% / YEAR,23.8%,3.0%,26.8%,"$298,608","11,661",70%,2022-09-08 16:53:17,$10,
68,The Rosewood,"BED: 4    BATH: 2    SQ FT: 1,828    YEAR BUILT: 2016","$270,000",100% FUNDED,"$123,230",177,"$1,795",,"Address: 2633 Lily Way, Northport, AL 35473",SEEKING TENANT,JULY 2022,3.0% / YEAR,6.2%,3.0%,9.2%,"$312,124","12,323",70%,2022-09-08 16:53:20,$10,
69,The Apollo,"BED: 3    BATH: 2    SQ FT: 1,319    YEAR BUILT: 1960","$195,000",100% FUNDED,"$91,270",912,"$1,395",,"Address: 609 Marguerite Drive, Huntsville, AL 35805",RENTED 🙌,JULY 2022,3.0% / YEAR,18.5%,3.0%,21.5%,"$227,768","9,127",70%,2022-09-08 16:53:24,$10,
70,The Wisteria,"BED: 4    BATH: 3    SQ FT: 2,623    YEAR BUILT: 2022","$296,395",100% FUNDED,"$130,560",149,"$2,195",,"Address: 9300 Cotton Fields Circle, Tuscaloosa, AL 35405",RENTED 🙌,JULY 2022,3.6% / YEAR,5.3%,3.6%,8.9%,"$312,575","13,056",70%,2022-09-08 16:53:28,$10,
71,The Heron,"BED: 4    BATH: 3    SQ FT: 1,863    YEAR BUILT: 1989","$287,000",100% FUNDED,"$132,170",130,"$1,895",,"Address: 8334 Whitehaven Dr., North Charleston, SC 29420",RENTED 🙌,JULY 2022,3.0% / YEAR,15.8%,3.0%,18.8%,"$332,065","13,217",70%,2022-09-08 16:53:31,$10,
72,The Stonebriar,"BED: 3    BATH: 2    SQ FT: 1,162    YEAR BUILT: 2010","$202,000",100% FUNDED,"$99,650",142,"$1,295",,"Address: 4342 Winchester Hills Drive, Birmingham, AL 35215",SEEKING TENANT,JULY 2022,3.6% / YEAR,6.0%,3.6%,9.6%,"$234,040","9,965",66.5%,2022-09-08 16:53:35,$10,
73,The Heritage,"BED: 3    BATH: 3    SQ FT: 1,986    YEAR BUILT: 2005","$290,000",100% FUNDED,"$127,450",117,"$1,995",,"Address: 432 The Gables Drive, McDonough, GA 30253",RENTED 🙌,JULY 2022,3.0% / YEAR,13.4%,3.0%,16.3%,"$330,196","12,745",70%,2022-09-08 16:53:38,$10,
74,The Mammoth,"BED: 3    BATH: 3    SQ FT: 2,423    YEAR BUILT: 2004","$340,000",100% FUNDED,"$148,860",145,"$2,095",,"Address: 200 Vernon Walk, McDonough, GA 30252",RENTED 🙌,JULY 2022,3.0% / YEAR,18.8%,3.0%,21.8%,"$386,856","14,886",70%,2022-09-08 16:53:42,$10,
75,The McGregor,"BED: 4    BATH: 3    SQ FT: 2,011    YEAR BUILT: 2012","$300,000",100% FUNDED,"$353,730",352,"$1,895",,"Address: 674 Sly Fox Drive, Clarksville, TN 37040",RENTED 🙌,JULY 2022,3.6% / YEAR,6.5%,3.6%,10.1%,"$353,722","35,373",0%,2022-09-08 16:53:46,$10,
76,The Point,"BED: 4    BATH: 3    SQ FT: 2,571    YEAR BUILT: 2018","$382,500",100% FUNDED,"$170,060",206,"$2,295",,"Address: 1129 Hilliard Lane, Clarksville, TN 37042",RENTED 🙌,JULY 2022,3.0% / YEAR,26.4%,3.0%,29.4%,"$437,812","17,006",70%,2022-09-08 16:53:49,$10,
77,The Roxy,"BED: 4    BATH: 3    SQ FT: 2,025    YEAR BUILT: 2013","$325,000",100% FUNDED,"$143,630",110,"$1,995",,"Address: 3736 Gray Fox Drive, Clarksville, TN 37040",RENTED 🙌,JULY 2022,3.0% / YEAR,23.9%,3.0%,26.9%,"$371,129","14,363",70%,2022-09-08 16:53:52,$10,
78,The Peanut,"BED: 3    BATH: 2    SQ FT: 1,356    YEAR BUILT: 2007","$215,000",100% FUNDED,"$99,190",251,"$1,395",,"Address: 160 Roscommon Rd, Tuscaloosa, AL",RENTED 🙌,JULY 2022,4.0% / YEAR,3.3%,4.0%,7.3%,"$246,176","9,919",68.4%,2022-09-08 16:53:57,$10,
79,The 💯,"BED: 3    BATH: 3    SQ FT: 1,766    YEAR BUILT: 2020","$615,000",100% FUNDED,"$705,800",1153,"$3,295",,"Address: 2119 Herman Street, Nashville, TN 37208",RENTED 🙌,JULY 2022,3.6% / YEAR,11.8%,3.6%,15.4%,"$705,794","70,580",0%,2022-09-08 16:54:02,$10,
80,The Grove,"BED: 3    BATH: 2    SQ FT: 2,050    YEAR BUILT: 2001","$225,000",100% FUNDED,"$105,100",95,"$1,495",,"Address: 109 Annie Lane, Pleasant Grove, AL 35127",RENTED 🙌,JULY 2022,3.0% / YEAR,9.8%,3.0%,12.7%,"$262,593","10,510",70%,2022-09-08 16:54:06,$10,
81,The Lanier,"BED: 3    BATH: 2    SQ FT: 2,284    YEAR BUILT: 2002","$377,000",100% FUNDED,"$168,070",193,"$2,295",,"Address: 6464 Flowery Way, Flowery Branch, GA 30542",RENTED 🙌,JULY 2022,3.0% / YEAR,11.3%,3.0%,14.2%,"$431,962","16,807",70%,2022-09-08 16:54:11,$10,
82,The Jack,"BED: 4    BATH: 2.5    SQ FT: 2,358    YEAR BUILT: 2022","$413,755",100% FUNDED,"$183,590",270,"$2,545",,"Address: 4434 Jack Faulk St, Murfreesboro, TN",RENTED 🙌,JULY 2022,3.6% / YEAR,17.9%,3.6%,21.5%,"$473,213","18,359",70%,2022-09-08 16:54:14,$10,
83,The Bedford,"BED: 5    BATH: 3.5    SQ FT: 2,809    YEAR BUILT: 2014","$280,000",100% FUNDED,"$123,170",182,"$2,195",,"Address: 808 Derby Downs Ct, Elgin, SC",RENTED 🙌,JULY 2022,4.4% / YEAR,9.3%,4.4%,13.8%,"$319,165","12,317",70%,2022-09-08 16:54:19,$10,
84,The Louise,"BED: 4    BATH: 2    SQ FT: 1,815    YEAR BUILT: 2016","$275,000",100% FUNDED,"$132,330",239,"$1,895",,"Address: 2615 Lily Way, Northport, AL",RENTED 🙌,JULY 2022,5.6% / YEAR,5.3%,5.6%,10.9%,"$314,320","13,233",66.2%,2022-09-08 16:54:24,$10,
85,The Gardens,"BED: 3    BATH: 2    SQ FT: 1,485    YEAR BUILT: 2004","$219,900",100% FUNDED,"$116,200",302,"$1,495",,"Address: 2014 Inverness Pkwy, Tuscaloosa, AL",RENTED 🙌,JULY 2022,4.4% / YEAR,2.5%,4.4%,6.9%,"$252,686","11,620",62.1%,2022-09-08 16:54:28,$10,
86,The Hollandaise,"BED: 3    BATH: 2.5    SQ FT: 1,793    YEAR BUILT: 2018","$365,000",100% FUNDED,"$164,610",315,"$2,070",,"Address: 741 Hollandale Rd, La Vergne, TN 37086",RENTED 🙌,JULY 2022,3.6% / YEAR,31.3%,3.6%,34.9%,"$420,108","16,461",70%,2022-09-08 16:54:31,$10,
87,The Hadden,"BED: 3    BATH: 2    SQ FT: 1,183    YEAR BUILT: 2022","$219,900",100% FUNDED,"$110,930",231,"$1,645",,"Address: 142 Hadden St, Duncan, SC 29334",RENTED 🙌,JULY 2022,5.6% / YEAR,15.7%,5.6%,21.3%,"$254,428","11,093",65.3%,2022-09-08 16:54:35,$10,
88,The Avebury,"BED: 3    BATH: 2.5    SQ FT: 1,963    YEAR BUILT: 2021","$290,000",100% FUNDED,"$126,330",184,"$1,795",,"Address: 287 Avebury Rd, Meridianville, AL 35759",RENTED 🙌,JULY 2022,4.4% / YEAR,15.6%,4.4%,20.0%,"$329,330","12,633",70%,2022-09-08 16:54:39,$10,
89,The Tulip,"BED: 5    BATH: 3    SQ FT: 2,511    YEAR BUILT: 2021","$317,000",100% FUNDED,"$140,250",222,"$2,095",,"Address: 7339 Tulip Trestle Ct, Northport, AL",RENTED 🙌,JULY 2022,5.2% / YEAR,6.2%,5.2%,11.4%,"$362,148","14,025",70%,2022-09-08 16:54:43,$10,
90,The Kawana,"BED: 3    BATH: 2.5    SQ FT: 2,503    YEAR BUILT: 2012","$275,000",100% FUNDED,"$127,030",246,"$1,695",,"Address: 28041 Kawana Ct, Harvest, AL 35749",RENTED 🙌,PROPERTY EQUITY RETURNS,RENTAL DIVIDEND YIELD,15.3%,5.2%,20.5%,"$319,530","12,703",70%,2022-09-08 16:54:48,$10,
91,The Chelsea,"BED: 3    BATH: 2.5    SQ FT: 1,643    YEAR BUILT: 2022","$307,845",100% FUNDED,"$137,970",249,"$1,895",,"Address: 274 Chelsea Park Rd, Chelsea, AL 35043",RENTED 🙌,JULY 2022,4.8% / YEAR,9.3%,4.8%,14.1%,"$353,464","13,797",70%,2022-09-08 16:54:52,$10,
92,The Terracotta,"BED: 3    BATH: 2.5    SQ FT: 1,717    YEAR BUILT: 2012","$318,000",100% FUNDED,"$139,820",249,"$1,995",,"Address: 10954 E Oak Grove Pl, Tucson, AZ 85747",RENTED 🙌,JULY 2022,4.4% / YEAR,18.2%,4.4%,22.6%,"$362,414","13,982",70%,2022-09-08 16:54:57,$10,
93,The Otoro,"BED: 4    BATH: 2.5    SQ FT: 3,056    YEAR BUILT: 2015","$392,000",100% FUNDED,"$171,860",323,"$2,795",,"Address: 2970 Parkland Vw, Atlanta, GA 30331",RENTED 🙌,JULY 2022,4.8% / YEAR,6.5%,4.8%,11.3%,"$446,316","17,186",70%,2022-09-08 16:55:02,$10,
94,The Emporia,"BED: 4    BATH: 2.5    SQ FT: 2,543    YEAR BUILT: 2018","$350,000",100% FUNDED,"$152,580",288,"$2,295",,"Address: 625 Emporia Loop, McDonough, GA 30253",RENTED 🙌,PROPERTY EQUITY RETURNS,RENTAL DIVIDEND YIELD,13.5%,4.8%,18.3%,"$397,580","15,258",70%,2022-09-08 16:55:05,$10,
95,The Wave,"BED: 3    BATH: 2.5    SQ FT: 2,028    YEAR BUILT: 2017","$335,000",100% FUNDED,"$143,330",246,"$2,195",,"Address: 7491 Waverly Loop, Fairburn, GA 30213",RENTED 🙌,PROPERTY EQUITY RETURNS,RENTAL DIVIDEND YIELD,5.6%,4.8%,10.4%,"$377,830","14,333",70%,2022-09-08 16:55:09,$10,
96,The Tuxford,"BED: 4    BATH: 2.5    SQ FT: 1,788    YEAR BUILT: 2018","$262,000",100% FUNDED,"$121,040",226,"$1,895",,"Address: 958 Tuxford Trl, Elgin, SC 29045",RENTED 🙌,PROPERTY EQUITY RETURNS,RENTAL DIVIDEND YIELD,8.5%,5.2%,13.7%,"$299,540","12,104",68.1%,2022-09-08 16:55:13,$10,
97,The Greenhill,"BED: 4    BATH: 2    SQ FT: 2,480    YEAR BUILT: 2021","$325,406",100% FUNDED,"$140,510",170,"$2,495",,"Address: 640 Frow Dr, Elgin, SC 29045",RENTED 🙌,PROPERTY EQUITY RETURNS,RENTAL DIVIDEND YIELD,9.2%,5.2%,14.4%,"$368,290","14,051",70%,2022-09-08 16:55:17,$10,
98,The Delta,"BED: 3    BATH: 2.5    SQ FT: 1,997    YEAR BUILT: 2019","$340,000",100% FUNDED,"$145,480",278,"$2,295",,"Address: 5042 Rapahoe Trl, Atlanta, GA 30349",RENTED 🙌,PROPERTY EQUITY RETURNS,RENTAL DIVIDEND YIELD,7.1%,4.8%,11.9%,"$383,480","14,548",70%,2022-09-08 16:55:20,$10,
99,The Saint,"BED: 3    BATH: 2    SQ FT: 1,813    YEAR BUILT: 2019","$318,000",100% FUNDED,"$147,910",239,"$1,995",,"Address: 7713 W Long Boat Way, Tucson, AZ 85757",RENTED 🙌,PROPERTY EQUITY RETURNS,RENTAL DIVIDEND YIELD,14.0%,4.0%,18.0%,"$359,905","14,791",66.7%,2022-09-08 16:55:24,$10,
100,The Lovejoy,"BED: 3    BATH: 2.5    SQ FT: 1,834    YEAR BUILT: 2020","$293,000",100% FUNDED,"$128,360",237,"$1,995",,"Address: 2658 Lovejoy Crossing Dr, Hampton, GA 30228",RENTED 🙌,PROPERTY EQUITY RETURNS,RENTAL DIVIDEND YIELD,17.1%,4.8%,21.9%,"$333,460","12,836",70%,2022-09-08 16:55:28,$10,
101,The Dolittle,"BED: 3    BATH: 2    SQ FT: 1,956    YEAR BUILT: 2021","$304,373",100% FUNDED,"$133,890",183,"$2,295",,"Address: 204 Doolittle Dr, Chapin, SC 29036",RENTED 🙌,PROPERTY EQUITY RETURNS,RENTAL DIVIDEND YIELD,11.2%,4.8%,16.0%,"$346,953","13,389",70%,2022-09-08 16:55:31,$10,
102,The Butter,"BED: 6    BATH: 3    SQ FT: 3,006    YEAR BUILT: 2021","$374,894",100% FUNDED,"$161,070",208,"$2,795",,"Address: 162 Lucky Day Dr, Summerville, SC 29486",RENTED 🙌,PROPERTY EQUITY RETURNS,RENTAL DIVIDEND YIELD,15.5%,5.2%,20.7%,"$423,494","16,107",70%,2022-09-08 16:55:35,$10,
103,The Ribbonwalk,"BED: 4    BATH: 2.5    SQ FT: 2,286    YEAR BUILT: 2018","$320,000",100% FUNDED,"$139,030",210,"$1,995",,"Address: 3512 Ribbonwalk Trl, Charlotte, NC 28269",RENTED 🙌,PROPERTY EQUITY RETURNS,RENTAL DIVIDEND YIELD,16.8%,3.6%,20.4%,"$363,030","13,903",70%,2022-09-08 16:55:38,$10,
104,The Scepter,"BED: 3    BATH: 2.5    SQ FT: 1,500    YEAR BUILT: 2019","$270,000",100% FUNDED,"$117,770",213,"$1,795",,"Address: 216 E Scepter Ln, Vail, AZ 85641",RENTED 🙌,PROPERTY EQUITY RETURNS,RENTAL DIVIDEND YIELD,16.1%,4.0%,20.2%,"$306,770","11,777",70%,2022-09-08 16:55:41,$10,
105,The Ensenada,"BED: 5    BATH: 3    SQ FT: 2,980    YEAR BUILT: 2013","$560,000",100% FUNDED,"$231,990",335,"$3,295",,"Address: 6293 N Ensenada Ct, Aurora, CO 80019",RENTED 🙌,PROPERTY EQUITY RETURNS,RENTAL DIVIDEND YIELD,22.9%,4.4%,27.4%,"$623,990","23,199",70%,2022-09-08 16:55:44,$10,
106,The Davidson,"BED: 3    BATH: 2    SQ FT: 1,200    YEAR BUILT: 2021","$210,000",100% FUNDED,"$92,540",118,"$1,445",,"Address: 922 W Davidson St, Gastonia, NC 28052",RENTED 🙌,PROPERTY EQUITY RETURNS,RENTAL DIVIDEND YIELD,15.6%,3.6%,19.2%,"$239,540","9,254",70%,2022-09-08 16:55:48,$10,
107,The Vernon,"BED: 4    BATH: 2.5    SQ FT: 1,806    YEAR BUILT: 2021","$259,767",100% FUNDED,"$116,290",153,"$1,895",,"Address: 135 McMakin Dr, Lyman, SC 29365",RENTED 🙌,PROPERTY EQUITY RETURNS,RENTAL DIVIDEND YIELD,17.5%,5.2%,22.7%,"$298,127","11,629",70%,2022-09-08 16:55:52,$10,
108,The Murphy,"BED: 3    BATH: 2    SQ FT: 1,956    YEAR BUILT: 2021","$296,097",100% FUNDED,"$130,580",166,"$2,295",,"Address: 211 Doolittle Dr, Chapin, SC 29036",RENTED 🙌,PROPERTY EQUITY RETURNS,RENTAL DIVIDEND YIELD,11.1%,4.8%,15.9%,"$337,847","13,058",70%,2022-09-08 16:55:56,$10,
109,The KerriAnn,"BED: 3    BATH: 2.5    SQ FT: 2,286    YEAR BUILT: 2012","$340,000",100% FUNDED,"$146,350",261,"$1,895",,"Address: 414 Kerriann Ln, Clayton, NC 27520",RENTED 🙌,PROPERTY EQUITY RETURNS,RENTAL DIVIDEND YIELD,16.2%,4.0%,20.2%,"$384,350","14,635",70%,2022-09-08 16:56:00,$10,
110,The Sigma,"BED: 4    BATH: 2.5    SQ FT: 2,465    YEAR BUILT: 2016","$385,000",100% FUNDED,"$163,960",206,"$2,295",,"Address: 116 Canvasback Dr, Durham, NC 27704",RENTED 🙌,PROPERTY EQUITY RETURNS,RENTAL DIVIDEND YIELD,11.0%,4.0%,15.0%,"$433,460","16,396",70%,2022-09-08 16:56:04,$10,
111,The Grant,"BED: 5    BATH: 3    SQ FT: 2,664    YEAR BUILT: 2014","$370,000",100% FUNDED,"$163,100",251,"$2,395",,"Address: 1770 Grant Ct, Braselton, GA 30517",RENTED 🙌,PROPERTY EQUITY RETURNS,RENTAL DIVIDEND YIELD,10.9%,4.8%,15.7%,"$422,100","16,310",70%,2022-09-08 16:56:07,$10,
112,The Bandelier,"BED: 3    BATH: 2    SQ FT: 1,900    YEAR BUILT: 2015","$349,900",100% FUNDED,"$147,710",219,"$2,195",,"Address: 6180 W Bandelier Ct, Tucson, AZ 85742",RENTED 🙌,PROPERTY EQUITY RETURNS,RENTAL DIVIDEND YIELD,19.8%,4.0%,23.8%,"$392,640","14,771",70%,2022-09-08 16:56:11,$10,
113,The McLovin,"BED: 5    BATH: 3.5    SQ FT: 2,933    YEAR BUILT: 2012","$525,000",100% FUNDED,"$219,990",276,"$2,995",,"Address: 10711 Truckee Cir, Commerce City, CO 80022",RENTED 🙌,PROPERTY EQUITY RETURNS,RENTAL DIVIDEND YIELD,12.0%,4.4%,16.4%,"$587,490","21,999",70%,2022-09-08 16:56:15,$10,
114,The Matchingham,"BED: 3    BATH: 2.5    SQ FT: 1,476    YEAR BUILT: 2021","$209,091",100% FUNDED,"$95,230",115,"$1,795",,"Address: 1077 Matchingham Dr, Columbia, SC 29223",RENTED 🙌,PROPERTY EQUITY RETURNS,RENTAL DIVIDEND YIELD,6.2%,5.2%,11.4%,"$241,591","9,523",70%,2022-09-08 16:56:19,$10,
115,The Rooney,"BED: 3    BATH: 2    SQ FT: 1,503    YEAR BUILT: 2017","$370,000",100% FUNDED,"$156,470",229,"$2,095",,"Address: 5309 S 18th Pl, Phoenix, AZ 85040",RENTED 🙌,PROPERTY EQUITY RETURNS,RENTAL DIVIDEND YIELD,17.5%,4.4%,21.9%,"$415,470","15,647",70%,2022-09-08 16:56:23,$10,
116,El Diablo,"BED: 4    BATH: 2.5    SQ FT: 2,187    YEAR BUILT: 2018","$297,000",100% FUNDED,"$129,000",203,"$1,995",,"Address: 6566 S Diablo Dr, Tucson, AZ 85757",RENTED 🙌,PROPERTY EQUITY RETURNS,RENTAL DIVIDEND YIELD,15.4%,4.0%,19.4%,"$337,620","12,900",70%,2022-09-08 16:56:26,$10,
117,The Weldon,"BED: 3    BATH: 2    SQ FT: 1,200    YEAR BUILT: 2021","$210,000",100% FUNDED,"$103,070",139,"$1,445",,"Address: 914 N Ransom st, Gastonia, NC 28052",RENTED 🙌,PROPERTY EQUITY RETURNS,RENTAL DIVIDEND YIELD,13.2%,3.6%,16.8%,"$239,570","10,307",65%,2022-09-08 16:56:29,$10,
118,The Holland,"BED: 3    BATH: 2    SQ FT: 1,200    YEAR BUILT: 2021","$210,000",100% FUNDED,"$103,360",126,"$1,495",,"Address: 910 N Ransom St, Gastonia, NC 28052",SEEKING TENANT,PROPERTY EQUITY RETURNS,RENTAL DIVIDEND YIELD,13.2%,3.6%,16.8%,"$239,860","10,336",65%,2022-09-08 16:56:32,$10,
119,The Elevation,"BED: 4    BATH: 2.5    SQ FT: 2,166    YEAR BUILT: 2021","$263,347",100% FUNDED,"$125,810",150,"$1,895",,"Address: 305 Elevation Ct, Inman, SC 29349",RENTED 🙌,PROPERTY EQUITY RETURNS,RENTAL DIVIDEND YIELD,23.5%,5.2%,28.7%,"$298,060","12,581",65.4%,2022-09-08 16:56:35,$10,
120,The Oly,"BED: 4    BATH: 2.5    SQ FT: 2,071    YEAR BUILT: 2019","$526,000",100% FUNDED,"$219,110",315,"$2,795",,"Address: 8880 E 106th Pl, Commerce City, CO 80640",RENTED 🙌,PROPERTY EQUITY RETURNS,RENTAL DIVIDEND YIELD,11.1%,4.4%,15.5%,"$587,310","21,911",70%,2022-09-08 16:56:39,$10,
121,The Amber,"BED: 3    BATH: 2    SQ FT: 1,340    YEAR BUILT: 2019","$305,000",100% FUNDED,"$146,380",205,"$1,895",,"Address: 7312 Amberly Hills Road, Charlotte, NC 28215",RENTED 🙌,PROPERTY EQUITY RETURNS,RENTAL DIVIDEND YIELD,12.2%,3.6%,15.8%,"$347,210","14,638",65.8%,2022-09-08 16:56:43,$10,
122,The Westchester,"BED: 4    BATH: 3    SQ FT: 2,571    YEAR BUILT: 2017","$340,000",100% FUNDED,"$182,130",227,"$2,395",,"Address: 488 Forest Creek Way, Elgin, SC 29045",RENTED 🙌,PROPERTY EQUITY RETURNS,RENTAL DIVIDEND YIELD,6.6%,5.2%,11.8%,"$381,030","18,213",58.5%,2022-09-08 16:56:45,$10,
123,The Limestone,"BED: 4    BATH: 3    SQ FT: 2,364    YEAR BUILT: 2021","$290,000",100% FUNDED,"$138,480",179,"$2,195",,"Address: 863 Bergenfield Ln, Chapin, SC 29036",RENTED 🙌,PROPERTY EQUITY RETURNS,RENTAL DIVIDEND YIELD,9.5%,5.2%,14.7%,"$326,980","13,848",65%,2022-09-08 16:56:50,$10,
124,The Jupiter,"BED: 3    BATH: 2    SQ FT: 1,200    YEAR BUILT: 2021","$215,000",100% FUNDED,"$105,330",132,"$1,495",,"Address: 930 Junius St, Gastonia, NC 28052",RENTED 🙌,PROPERTY EQUITY RETURNS,RENTAL DIVIDEND YIELD,13.2%,3.6%,16.8%,"$245,080","10,533",65%,2022-09-08 16:56:54,$10,
125,The Ridge,"BED: 3    BATH: 2.5    SQ FT: 1,470    YEAR BUILT: 2019","$216,000",100% FUNDED,"$105,300",141,"$1,595",,"Address: 308 Oristo Ridge Way, West Columbia, SC 29170",RENTED 🙌,PROPERTY EQUITY RETURNS,RENTAL DIVIDEND YIELD,8.0%,5.2%,13.2%,"$245,700","10,530",65%,2022-09-08 16:56:59,$10,
126,The Bayside,"BED: 3    BATH: 2    SQ FT: 2,083    YEAR BUILT: 2013","$255,000",100% FUNDED,"$123,050",120,"$1,995",,"Address: 59 Bayside Ct, Columbia, SC 29229",RENTED 🙌,PROPERTY EQUITY RETURNS,RENTAL DIVIDEND YIELD,7.1%,5.2%,12.3%,"$288,800","12,305",65%,2022-09-08 16:57:04,$10,
127,The Elm,"BED: 3    BATH: 2    SQ FT: 1,400    YEAR BUILT: 2021","$165,000",100% FUNDED,"$82,130",107,"$1,495",,"Address: 1231 Tolliver St, Columbia, SC 29201",RENTED 🙌,PROPERTY EQUITY RETURNS,RENTAL DIVIDEND YIELD,10.1%,5.2%,15.3%,"$189,380","8,213",65%,2022-09-08 16:57:08,$10,
128,The River,"BED: 4    BATH: 3    SQ FT: 2,018    YEAR BUILT: 2013","$265,000",100% FUNDED,"$127,650",146,"$1,895",,"Address: 232 Rivers Edge Cir, Simpsonville, SC 29680",RENTED 🙌,PROPERTY EQUITY RETURNS,RENTAL DIVIDEND YIELD,7.5%,5.2%,12.7%,"$299,900","12,765",65%,2022-09-08 16:57:12,$10,
129,The Coatbridge,"BED: 4    BATH: 2    SQ FT: 1,774    YEAR BUILT: 2019","$270,000",100% FUNDED,"$131,200",189,"$1,895",,"Address: 172 Coatbridge Dr, Blythewood, SC 29016",RENTED 🙌,PROPERTY EQUITY RETURNS,RENTAL DIVIDEND YIELD,9.5%,5.2%,14.7%,"$306,700","13,120",65%,2022-09-08 16:57:17,$10,
130,The Lennox,"BED: 3    BATH: 2    SQ FT: 1,392    YEAR BUILT: 2017","$215,000",100% FUNDED,"$105,930",120,"$1,595",,"Address: 1320 House St, Columbia, SC 29204",RENTED 🙌,PROPERTY EQUITY RETURNS,RENTAL DIVIDEND YIELD,8.0%,5.2%,13.2%,"$245,680","10,593",65%,2022-09-08 16:57:21,$10,
131,The Olive,"BED: 4    BATH: 2.5    SQ FT: 2,125    YEAR BUILT: 2012","$230,000",100% FUNDED,"$137,320",191,"$1,795",,"Address: 240 Tea Olive Ave, Lexington, SC 29073",RENTED 🙌,PROPERTY EQUITY RETURNS,RENTAL DIVIDEND YIELD,5.5%,5.2%,10.7%,"$263,420","13,732",54.8%,2022-09-08 16:57:26,$10,
132,The Dawson,"BED: 3    BATH: 2.5    SQ FT: 1,853    YEAR BUILT: 2019","$225,000",100% FUNDED,"$109,940",134,"$1,695",,"Address: 313 Dawsons Park Dr, Lexington, SC 29072",SEEKING TENANT,PROPERTY EQUITY RETURNS,RENTAL DIVIDEND YIELD,7.1%,5.2%,12.3%,"$256,190","10,994",65%,2022-09-08 16:57:30,$10,
133,The Odessa,"BED: 4    BATH: 2.5    SQ FT: 1,951    YEAR BUILT: 2018","$535,000",100% FUNDED,"$220,380",287,"$2,945",,"Address: 4669 S Odessa St, Aurora, CO 80015",RENTED 🙌,PROPERTY EQUITY RETURNS,RENTAL DIVIDEND YIELD,10.2%,4.4%,14.6%,"$594,880","22,038",70%,2022-09-08 16:57:34,$10,
134,The Lily,"BED: 4    BATH: 2.5    SQ FT: 4,074    YEAR BUILT: 2016","$505,000",100% FUNDED,"$243,760",291,"$3,195",,"Address: 9799 Desert Lily Cir, Colorado Springs, CO 80925",SEEKING TENANT,PROPERTY EQUITY RETURNS,RENTAL DIVIDEND YIELD,9.0%,4.4%,13.4%,"$555,258","24,376",61.7%,2022-09-08 16:57:39,$10,
135,The Saturn,"BED: 3    BATH: 2    SQ FT: 1,200    YEAR BUILT: 2021","$215,000",100% FUNDED,"$105,340",137,"$1,445",,"Address: 923 Jupiter St, Gastonia, NC 28052",RENTED 🙌,PROPERTY EQUITY RETURNS,RENTAL DIVIDEND YIELD,13.2%,3.6%,16.8%,"$245,090","10,534",65%,2022-09-08 16:57:43,$10,
136,The Sugar,"BED: 4    BATH: 2.5    SQ FT: 2,208    YEAR BUILT: 2013","$310,000",100% FUNDED,"$147,060",157,"$2,195",,"Address: 300 Southern Sugar Ave, Moncks Corner, SC 29461",RENTED 🙌,PROPERTY EQUITY RETURNS,RENTAL DIVIDEND YIELD,10.9%,4.0%,14.9%,"$348,560","14,706",65%,2022-09-08 16:57:48,$10,
137,The Meadow,"BED: 3    BATH: 2.5    SQ FT: 1,793    YEAR BUILT: 2015","$320,000",100% FUNDED,"$159,060",199,"$1,795",,"Address: 9235 Avery Meadows Dr, Charlotte, NC 28216",RENTED 🙌,PROPERTY EQUITY RETURNS,RENTAL DIVIDEND YIELD,15.5%,3.6%,19.1%,"$373,960","15,906",67.2%,2022-09-08 16:57:52,$10,
138,The Collinston,"BED: 3    BATH: 2    SQ FT: 1,200    YEAR BUILT: 2021","$210,000",100% FUNDED,"$103,070",115,"$1,445",,"Address: 1507 Collinston Dr, Gastonia, NC 28052",RENTED 🙌,PROPERTY EQUITY RETURNS,RENTAL DIVIDEND YIELD,13.2%,3.6%,16.8%,"$239,570","10,307",65%,2022-09-08 16:57:56,$10,
139,The Saddlebred,"BED: 5    BATH: 3.5    SQ FT: 3,950    YEAR BUILT: 2009","$475,000",100% FUNDED,"$198,430",263,"$2,795",,"Address: 6213 Saddlebred Way, Colorado Springs, CO 80925",SEEKING TENANT,PROPERTY EQUITY RETURNS,RENTAL DIVIDEND YIELD,12.0%,4.4%,16.4%,"$530,930","19,843",70%,2022-09-08 16:58:01,$10,
140,The Roseberry,"BED: 4    BATH: 2.5    SQ FT: 2,289    YEAR BUILT: 2018","$325,000",100% FUNDED,"$146,420",206,"$2,295",,"Address: 5013 Paddy Field Way, Ladson, SC 29456",RENTED 🙌,PROPERTY EQUITY RETURNS,RENTAL DIVIDEND YIELD,12.2%,5.2%,17.4%,"$357,670","14,642",65%,2022-09-08 16:58:05,$10,
141,The Windsor,"BED: 4    BATH: 2.5    SQ FT: 2,516    YEAR BUILT: 2017","$350,000",100% FUNDED,"$157,210",192,"$2,595",,"Address: 3910 Greico Rd, North Charleston, SC 29420",RENTED 🙌,PROPERTY EQUITY RETURNS,RENTAL DIVIDEND YIELD,13.5%,5.2%,18.7%,"$384,709","15,721",65%,2022-09-08 16:58:10,$10,
142,The Forest,"BED: 4    BATH: 3.5    SQ FT: 3,372    YEAR BUILT: 2014","$350,000",100% FUNDED,"$163,200",171,"$2,495",,"Address: 407 Forest Hills Rd, Summerville, SC 29486",RENTED 🙌,PROPERTY EQUITY RETURNS,RENTAL DIVIDEND YIELD,13.2%,5.2%,18.4%,"$390,700","16,320",65%,2022-09-08 16:58:14,$10,
143,The Summerset,"BED: 4    BATH: 2    SQ FT: 1,560    YEAR BUILT: 2010","$255,000",100% FUNDED,"$118,860",171,"$1,695",,"Address: 2016 Culloden Dr, Summerville, SC 29483",RENTED 🙌,PROPERTY EQUITY RETURNS,RENTAL DIVIDEND YIELD,12.7%,5.2%,18.0%,"$284,610","11,886",65%,2022-09-08 16:58:18,$10,
144,The Basil,"BED: 3    BATH: 2    SQ FT: 1,261    YEAR BUILT: 2016","$202,500",100% FUNDED,"$95,640",169,"$1,495",,"Address: 317 Morning Creek Dr, Easley, SC 29640",RENTED 🙌,PROPERTY EQUITY RETURNS,RENTAL DIVIDEND YIELD,16.4%,5.2%,21.6%,"$227,264","9,564",65%,2022-09-08 16:58:22,$10,
145,The Lallie,"BED: 3    BATH: 2.5    SQ FT: 2,460    YEAR BUILT: 2020","$370,000",100% FUNDED,"$169,740",196,"$2,495",,"Address: 210 Ilderton St, Summerville, SC 29483",RENTED 🙌,PROPERTY EQUITY RETURNS,RENTAL DIVIDEND YIELD,12.9%,5.2%,18.1%,"$410,240","16,974",65%,2022-09-08 16:58:27,$10,
146,The Dewberry,"BED: 3    BATH: 2.5    SQ FT: 1,383    YEAR BUILT: 2014","$190,000",100% FUNDED,"$92,430",126,"$1,595",,"Address: 130 Bonhomme Cir, Lexington, SC 29072",RENTED 🙌,PROPERTY EQUITY RETURNS,RENTAL DIVIDEND YIELD,7.2%,5.2%,12.4%,"$213,655","9,243",65%,2022-09-08 16:58:31,$10,
147,The Spencer,"BED: 3    BATH: 2.5    SQ FT: 2,123    YEAR BUILT: 2013","$300,000",100% FUNDED,"$138,770",186,"$2,195",,"Address: 9621 Spencer Woods Rd, Ladson, SC 29456",RENTED 🙌,PROPERTY EQUITY RETURNS,RENTAL DIVIDEND YIELD,11.8%,5.2%,17.0%,"$333,770","13,877",65%,2022-09-08 16:58:37,$10,
148,The Centennial,"BED: 3    BATH: 2.5    SQ FT: 1,893    YEAR BUILT: 2013","$285,000",100% FUNDED,"$118,300",155,"$1,895",,"Address: 726 Centennial St, Gastonia, NC 28056",RENTED 🙌,PROPERTY EQUITY RETURNS,RENTAL DIVIDEND YIELD,16.0%,4.8%,20.8%,"$308,300","11,830",66.7%,2022-09-08 16:58:41,$10,
149,The Mojave,"BED: 3    BATH: 2    SQ FT: 1,500    YEAR BUILT: 2021","$234,000",100% FUNDED,"$115,980",190,"$1,595",,"Address: 340 N Mojave, Farmington, AR 72730",RENTED 🙌,PROPERTY EQUITY RETURNS,RENTAL DIVIDEND YIELD,8.1%,6.4%,14.6%,"$268,080","11,598",65%,2022-09-08 16:58:46,$10,
150,The Wentworth,"BED: 3    BATH: 2    SQ FT: 1,450    YEAR BUILT: 2021","$226,200",100% FUNDED,"$112,530",179,"$1,550",,"Address: 352 N Mojave, Farmington, AR 72730",RENTED 🙌,PROPERTY EQUITY RETURNS,RENTAL DIVIDEND YIELD,8.1%,6.4%,14.5%,"$259,560","11,253",65%,2022-09-08 16:58:50,$10,
151,The Cupcake,"BED: 3    BATH: 2    SQ FT: 1,401    YEAR BUILT: 2021","$218,556",100% FUNDED,"$109,150",186,"$1,550",,"Address: 358 N Mojave, Farmington, AR 72730",RENTED 🙌,PROPERTY EQUITY RETURNS,RENTAL DIVIDEND YIELD,8.1%,6.4%,14.5%,"$251,210","10,915",65%,2022-09-08 16:58:54,$10,
152,The Shoreline,"BED: 3    BATH: 3    SQ FT: 2,422    YEAR BUILT: 2011","$310,000",100% FUNDED,"$124,900",200,"$2,295",,"Address: 606 Shoreline Blvd, Boiling Springs, SC 29316",RENTED 🙌,PROPERTY EQUITY RETURNS,RENTAL DIVIDEND YIELD,34.0%,5.2%,39.2%,"$336,800","12,490",68.4%,2022-09-08 16:58:59,$10,
153,The Holloway,"BED: 5    BATH: 4    SQ FT: 3,156    YEAR BUILT: 2015","$340,000",100% FUNDED,"$147,840",229,"$2,495",,"Address: 601 W Czardas Way, Woodruff, SC 29388",RENTED 🙌,PROPERTY EQUITY RETURNS,RENTAL DIVIDEND YIELD,16.2%,5.2%,21.4%,"$368,840","14,784",65%,2022-09-08 16:59:03,$10,
154,The Badminton,"BED: 4    BATH: 2.5    SQ FT: 2,521    YEAR BUILT: 2016","$255,000",100% FUNDED,"$110,240",148,"$1,995",,"Address: 414 Badminton Ct, Lexington, SC 29072",RENTED 🙌,PROPERTY EQUITY RETURNS,RENTAL DIVIDEND YIELD,7.0%,5.2%,12.2%,"$284,440","11,024",65%,2022-09-08 16:59:08,$10,
155,The Eastfair,"BED: 4    BATH: 3    SQ FT: 1,794    YEAR BUILT: 2017","$215,000",100% FUNDED,"$86,030",113,"$1,795",,"Address: 461 Eastfair Dr, Columbia, SC 29209",RENTED 🙌,PROPERTY EQUITY RETURNS,RENTAL DIVIDEND YIELD,11.7%,5.2%,16.9%,"$236,030","8,603",69.8%,2022-09-08 16:59:12,$10,
156,The Malbec,"BED: 4    BATH: 4    SQ FT: 2,031    YEAR BUILT: 2020","$320,898",100% FUNDED,"$137,860",226,"$2,195",,"Address: 755 N Malbec Rd, Fayetteville, AR 72704",RENTED 🙌,PROPERTY EQUITY RETURNS,RENTAL DIVIDEND YIELD,17.1%,6.4%,23.5%,"$346,445","13,786",65%,2022-09-08 16:59:16,$10,
157,The Pinot,"BED: 4    BATH: 4    SQ FT: 2,052    YEAR BUILT: 2020","$324,216",100% FUNDED,"$139,230",212,"$2,195",,"Address: 763 N Malbec Rd, Fayetteville, AR 72704",RENTED 🙌,PROPERTY EQUITY RETURNS,RENTAL DIVIDEND YIELD,17.1%,6.4%,23.5%,"$349,968","13,923",65%,2022-09-08 16:59:20,$10,
158,The Luna,"BED: 3    BATH: 3    SQ FT: 1,697    YEAR BUILT: 2016","$215,000",100% FUNDED,"$90,710",137,"$1,750",,"Address: 417 Hosea Ct, Lexington, SC 29072",RENTED 🙌,PROPERTY EQUITY RETURNS,RENTAL DIVIDEND YIELD,8.5%,5.2%,13.7%,"$240,710","9,071",69.8%,2022-09-08 16:59:25,$10,
159,The Kingsley,"BED: 4    BATH: 3.5    SQ FT: 2,890    YEAR BUILT: 2018","$315,000",100% FUNDED,"$126,850",188,"$2,295",,"Address: 505 Kingsley View Rd, Blythewood, SC 29016",RENTED 🙌,PROPERTY EQUITY RETURNS,RENTAL DIVIDEND YIELD,11.7%,5.2%,16.9%,"$341,849","12,685",68.3%,2022-09-08 16:59:29,$10,
160,The Splash,"BED: 3    BATH: 2    SQ FT: 1,470    YEAR BUILT: 2015","$215,000",100% FUNDED,"$111,910",188,"$1,450",,"Address: 994 S Splash Dr, Fayetteville, AR 72701",RENTED 🙌,PROPERTY EQUITY RETURNS,RENTAL DIVIDEND YIELD,9.3%,6.4%,15.7%,"$234,410","11,191",57%,2022-09-08 16:59:34,$10,
161,The Tuscan,"BED: 4    BATH: 4    SQ FT: 2,031    YEAR BUILT: 2020","$320,898",100% FUNDED,"$165,520",235,"$2,295",,"Address: 3474 W Tuscan Rd, Fayetteville, AR 72704",RENTED 🙌,PROPERTY EQUITY RETURNS,RENTAL DIVIDEND YIELD,13.6%,6.4%,20.0%,"$346,920","16,552",56.5%,2022-09-08 16:59:38,$10,
162,The Salem,"BED: 4    BATH: 4    SQ FT: 2,031    YEAR BUILT: 2020","$320,898",100% FUNDED,"$133,810",188,"$2,195",,"Address: 659 N Salem Rd, Fayetteville, AR 72704",RENTED 🙌,PROPERTY EQUITY RETURNS,RENTAL DIVIDEND YIELD,17.7%,6.4%,24.1%,"$346,360","13,381",66.2%,2022-09-08 16:59:42,$10,
163,The Pecan,"BED: 3    BATH: 2    SQ FT: 1,650    YEAR BUILT: 2013","$198,500",100% FUNDED,"$106,960",107,"$1,450",,"Address: 4481 W Pecan St, Fayetteville, AR 72704",RENTED 🙌,PROPERTY EQUITY RETURNS,RENTAL DIVIDEND YIELD,12.0%,6.4%,18.4%,"$219,820","10,696",54.1%,2022-09-08 16:59:46,$10,
164,The Patrick,"BED: 3    BATH: 2    SQ FT: 1,575    YEAR BUILT: 1996","$191,000",100% FUNDED,"$113,390",102,"$1,600",,"Address: 4309 W Patrick St, Fayetteville, AR 72704",RENTED 🙌,PROPERTY EQUITY RETURNS,RENTAL DIVIDEND YIELD,9.7%,5.6%,15.3%,"$221,690","11,339",51.5%,2022-09-08 16:59:51,$10,
165,The Plumtree,"BED: 3    BATH: 2    SQ FT: 1,642    YEAR BUILT: 1995","$202,950",100% FUNDED,"$108,930",102,"$1,600",,"Address: 4455 W Chaparral Ln, Fayetteville, AR 72704",RENTED 🙌,PROPERTY EQUITY RETURNS,RENTAL DIVIDEND YIELD,13.3%,7.6%,20.9%,"$220,080","10,893",54.8%,2022-09-08 16:59:55,$10,
166,The Chaparral,"BED: 3    BATH: 2    SQ FT: 1,512    YEAR BUILT: 1994","$184,900",100% FUNDED,"$104,810",102,"$1,575",,"Address: 4309 W Chaparral Ln, Fayetteville, AR 72704",RENTED 🙌,PROPERTY EQUITY RETURNS,RENTAL DIVIDEND YIELD,11.0%,6.8%,17.8%,"$209,120","10,481",52.7%,2022-09-08 17:00:00,$10,
167,The Lierly,"BED: 3    BATH: 2    SQ FT: 1,827    YEAR BUILT: 2010","$212,500",100% FUNDED,"$94,560",102,"$1,750",,"Address: 4203 W Lierly Ln, Fayetteville, AR 72704",RENTED 🙌,PROPERTY EQUITY RETURNS,RENTAL DIVIDEND YIELD,16.4%,7.2%,23.6%,"$225,660","9,456",61%,2022-09-08 17:00:04,$10,
168,The Soapstone,"BED: 3    BATH: 2    SQ FT: 1,973    YEAR BUILT: 2006","$217,500",100% FUNDED,"$100,160",102,"$1,600",,"Address: 4672 W Soapstone Dr, Fayetteville, AR 72704",RENTED 🙌,PROPERTY EQUITY RETURNS,RENTAL DIVIDEND YIELD,15.3%,6.4%,21.7%,"$228,410","10,016",58.3%,2022-09-08 17:00:09,$10,