Name,Property Details,Timestamp,Percent Funded,Address,Purchase Price,Ttl Prop. Amt,Share $ Avail.,Ttl Shares,Investors,Rent Ready Date,Rental Status,Mo. Rent,Div Date,1st Div Yield,Ann. Equity Return,Ann. Div Yield,Hypoth. Ann. Return,Prop. Leverage,IPO Shareprice,AirDNA Market Grade
The Cardinal,"BED: 6    BATH: 4    SQ FT: 4,108    YEAR BUILT: 2001",2022-09-09 10:29:55,63% FUNDED,"Address: 6085 N. 85th Avenue, Glendale, AZ 85305","$744,000 ","$978,326 ","$240,380 ","66,585",788,DECEMBER 2022,,,,,10.00%,4.00%,14.00%,42%,$10 ,https://cdn.arrivedhomes.com/images/strContent/airdna-grade-the-cardinal.png
The Quincy,"BED: 3    BATH: 2    SQ FT: 1,936    YEAR BUILT: 2020",2022-09-08 16:49:00,56% FUNDED,"Address: 27003 East Archer Avenue, Aurora, CO 80018","$550,000 ","$630,062 ","$276,940 ","63,007",656,,SEEKING TENANT,"$2,895 ",JANUARY 2023,3.2% / YEAR,2.80%,3.20%,6.00%,0%,$10 ,
The Quincy,"BED: 3    BATH: 2    SQ FT: 1,936    YEAR BUILT: 2020",2022-09-09 10:30:41,56% FUNDED,"Address: 27003 East Archer Avenue, Aurora, CO 80018","$550,000 ","$630,062 ","$271,240 ","63,007",673,,SEEKING TENANT,"$2,895 ",JANUARY 2023,3.2% / YEAR,2.80%,3.20%,6.00%,0%,$10 ,
The Mirage,"BED: 4    BATH: 2    SQ FT: 1,666    YEAR BUILT: 2005",2022-09-09 10:30:06,54% FUNDED,"Address: 62432 Golden Street, Joshua Tree, CA 92252","$629,900 ","$846,341 ","$387,750 ","84,635",722,DECEMBER 2022,,,,,5.30%,4.00%,9.30%,0%,$10 ,https://cdn.arrivedhomes.com/images/strContent/airdna-grade-the-mirage.png
The Winston,"BED: 3    BATH: 2    SQ FT: 1,750    YEAR BUILT: 2018",2022-09-09 10:30:47,51% FUNDED,"Address: 8304 Stillwater Circle Northwest, Huntsville, AL 35806","$329,000 ","$381,732 ","$186,000 ","38,174",400,,SEEKING TENANT,"$1,695 ",JANUARY 2023,3.2% / YEAR,4.30%,3.20%,7.50%,0%,$10 ,
The Winston,"BED: 3    BATH: 2    SQ FT: 1,750    YEAR BUILT: 2018",2022-09-08 16:49:05,50% FUNDED,"Address: 8304 Stillwater Circle Northwest, Huntsville, AL 35806","$329,000 ","$381,732 ","$187,800 ","38,174",393,,SEEKING TENANT,"$1,695 ",JANUARY 2023,3.2% / YEAR,4.30%,3.20%,7.50%,0%,$10 ,
The Creekwood,"BED: 3    BATH: 2    SQ FT: 1,658    YEAR BUILT: 2012",2022-09-09 10:30:52,43% FUNDED,"Address: 361 Harbor Glen Drive Southwest, Madison, AL 35756","$289,500 ","$338,884 ","$110,140 ","19,413",188,,SEEKING TENANT,"$1,695 ",JANUARY 2023,2.0% / YEAR,7.70%,2.00%,9.70%,50%,$10 ,
The Creekwood,"BED: 3    BATH: 2    SQ FT: 1,658    YEAR BUILT: 2012",2022-09-08 16:49:11,42% FUNDED,"Address: 361 Harbor Glen Drive Southwest, Madison, AL 35756","$289,500 ","$338,884 ","$112,240 ","19,413",181,,SEEKING TENANT,"$1,695 ",JANUARY 2023,2.0% / YEAR,7.70%,2.00%,9.70%,50%,$10 ,
The Richardson,"BED: 3    BATH: 2    SQ FT: 1,665    YEAR BUILT: 2020",2022-09-09 10:30:58,38% FUNDED,"Address: 531 Arkansas Black, Bentonville, AR 72712","$315,000 ","$368,794 ","$228,340 ","36,880",341,,SEEKING TENANT,"$1,695 ",OCTOBER 2022,3.2% / YEAR,2.00%,3.20%,5.20%,0%,$10 ,
The Cardinal,"BED: 6    BATH: 4    SQ FT: 4,108    YEAR BUILT: 2001",2022-09-08 16:48:20,37% FUNDED,"Address: 6085 N. 85th Avenue, Glendale, AZ 85305","$744,000 ","$978,326 ","$418,700 ","66,585",451,DECEMBER 2022,,,,,10.00%,4.00%,14.00%,42%,$10 ,https://cdn.arrivedhomes.com/images/strContent/airdna-grade-the-cardinal.png
The Richardson,"BED: 3    BATH: 2    SQ FT: 1,665    YEAR BUILT: 2020",2022-09-08 16:49:16,37% FUNDED,"Address: 531 Arkansas Black, Bentonville, AR 72712","$315,000 ","$368,794 ","$231,840 ","36,880",333,,SEEKING TENANT,"$1,695 ",OCTOBER 2022,3.2% / YEAR,2.00%,3.20%,5.20%,0%,$10 ,
The Mirage,"BED: 4    BATH: 2    SQ FT: 1,666    YEAR BUILT: 2005",2022-09-08 16:48:27,36% FUNDED,"Address: 62432 Golden Street, Joshua Tree, CA 92252","$629,900 ","$846,341 ","$533,550 ","84,635",487,DECEMBER 2022,,,,,5.30%,4.00%,9.30%,0%,$10 ,https://cdn.arrivedhomes.com/images/strContent/airdna-grade-the-mirage.png
The Orchard,"BED: 3    BATH: 3    SQ FT: 2,912    YEAR BUILT: 2013",2022-09-09 10:30:15,34% FUNDED,"Address: 109 Jonagold Lane, Blue Ridge, GA 30513","$550,000 ","$832,773 ","$547,190 ","83,278",548,DECEMBER 2022,,,,,5.70%,4.80%,10.50%,0%,$10 ,https://cdn.arrivedhomes.com/images/strContent/airdna-grade-the-orchard.png
The Orchard,"BED: 3    BATH: 3    SQ FT: 2,912    YEAR BUILT: 2013",2022-09-08 16:48:37,24% FUNDED,"Address: 109 Jonagold Lane, Blue Ridge, GA 30513","$550,000 ","$832,773 ","$627,280 ","83,278",393,DECEMBER 2022,,,,,5.70%,4.80%,10.50%,0%,$10 ,https://cdn.arrivedhomes.com/images/strContent/airdna-grade-the-orchard.png
The Braxton,"BED: 4    BATH: 3    SQ FT: 1,436    YEAR BUILT: 2000",2022-09-08 16:49:21,23% FUNDED,"Address: 10020 Braxton Drive, Union, KY 41091","$323,500 ","$380,134 ","$290,130 ","38,014",267,,SEEKING TENANT,"$1,695 ",JANUARY 2023,3.2% / YEAR,2.20%,3.20%,5.40%,0%,$10 ,
The Braxton,"BED: 4    BATH: 3    SQ FT: 1,436    YEAR BUILT: 2000",2022-09-09 10:31:04,23% FUNDED,"Address: 10020 Braxton Drive, Union, KY 41091","$323,500 ","$380,134 ","$289,430 ","38,014",270,,SEEKING TENANT,"$1,695 ",JANUARY 2023,3.2% / YEAR,2.20%,3.20%,5.40%,0%,$10 ,
The Taylor,"BED: 3    BATH: 2    SQ FT: 1,447    YEAR BUILT: 2004",2022-09-09 10:31:09,22% FUNDED,"Address: 2209 44th Avenue, Northport, AL 35476","$230,000 ","$274,887 ","$124,360 ","15,989",126,,SEEKING TENANT,"$1,395 ",JANUARY 2023,2.4% / YEAR,4.70%,2.40%,7.10%,50%,$10 ,
The Taylor,"BED: 3    BATH: 2    SQ FT: 1,447    YEAR BUILT: 2004",2022-09-08 16:49:26,21% FUNDED,"Address: 2209 44th Avenue, Northport, AL 35476","$230,000 ","$274,887 ","$126,160 ","15,989",121,,SEEKING TENANT,"$1,395 ",JANUARY 2023,2.4% / YEAR,4.70%,2.40%,7.10%,50%,$10 ,
The Ace,"BED: 5    BATH: 3    SQ FT: 2,467    YEAR BUILT: 1979",2022-09-08 16:48:44,100% FUNDED,"Address: 14249 N. 49th Street, Scottsdale, AZ 85254","$1,050,000 ","$1,334,011 ","$893,020 ","89,302",1016,DECEMBER 2022,,,,,12.60%,5.20%,17.80%,42%,$10 ,https://cdn.arrivedhomes.com/images/strContent/airdna-grade-the-ace.png
The Oasis,"BED: 4    BATH: 4    SQ FT: 1,772    YEAR BUILT: 2020",2022-09-08 16:48:54,100% FUNDED,"Address: 964 Youngs Lane, Nashville, TN 37207","$975,000 ","$1,221,119 ","$733,620 ","73,362",853,OCTOBER 2022,,,,,20.80%,4.40%,25.20%,50%,$10 ,https://cdn.arrivedhomes.com/images/strContent/airdna-grade-the-oasis.png
The Harrison,"BED: 3    BATH: 3.5    SQ FT: 2,732    YEAR BUILT: 2014",2022-09-08 16:49:32,100% FUNDED,"Address: 5776 Caney Ridge Circle, Ooltewah, TN 37363","$460,000 ","$535,856 ","$305,856 ","30,586",575,,SEEKING TENANT,"$2,895 ",JANUARY 2023,2.4% / YEAR,10.00%,2.40%,12.40%,50%,$10 ,
The Kessler,"BED: 3    BATH: 2    SQ FT: 1,286    YEAR BUILT: 2008",2022-09-08 16:49:37,100% FUNDED,"Address: 12520 Meadow Oaks Lane, Farmington, AR 72730","$257,000 ","$301,985 ","$173,485 ","17,348",338,,RENTED 🙌,"$1,595 ",JANUARY 2023,2.0% / YEAR,5.10%,2.00%,7.10%,50%,$10 ,
The Cypress,"BED: 4    BATH: 3    SQ FT: 1,905    YEAR BUILT: 2000",2022-09-08 16:49:42,100% FUNDED,"Address: 3450 Cypress Club Trail, Austell, GA 30106","$365,000 ","$428,758 ","$246,258 ","24,626",514,,SEEKING TENANT,"$2,295 ",JANUARY 2023,2.4% / YEAR,6.00%,2.40%,8.40%,50%,$10 ,
The Marietta,"BED: 4    BATH: 2.5    SQ FT: 2,158    YEAR BUILT: 2022",2022-09-08 16:49:47,100% FUNDED,"Address: 436 Marietta Lane, Greer, SC 29651","$304,225 ","$356,796 ","$204,690 ","20,469",303,,SEEKING TENANT,"$2,195 ",OCTOBER 2022,3.6% / YEAR,6.20%,3.60%,9.80%,50%,$10 ,
The Aster,"BED: 3    BATH: 2    SQ FT: 1,502    YEAR BUILT: 1997",2022-09-08 16:49:52,100% FUNDED,"Address: 490 West Aster Avenue, Farmington, AR 72730","$255,000 ","$300,706 ","$173,210 ","17,321",381,,SEEKING TENANT,"$1,695 ",OCTOBER 2022,2.4% / YEAR,5.00%,2.40%,7.40%,50%,$10 ,
The Cumberland,"BED: 3    BATH: 2    SQ FT: 1,396    YEAR BUILT: 2019",2022-09-08 16:49:58,100% FUNDED,"Address: 702 Jim Brown Drive, Clarksville, TN 37042","$295,000 ","$345,299 ","$345,300 ","34,530",545,,RENTED 🙌,"$1,695 ",OCTOBER 2022,3.2% / YEAR,7.30%,3.20%,10.50%,0%,$10 ,
The Bonneau,"BED: 3    BATH: 3    SQ FT: 2,355    YEAR BUILT: 2020",2022-09-08 16:50:03,100% FUNDED,"Address: 120 Caleb Court, Ladson, SC 29456","$336,000 ","$392,042 ","$392,050 ","39,205",690,,SEEKING TENANT,"$2,195 ",OCTOBER 2022,3.2% / YEAR,3.70%,3.20%,6.90%,0%,$10 ,
El Camino,"BED: 3    BATH: 2    SQ FT: 1,540    YEAR BUILT: 2017",2022-09-08 16:50:08,100% FUNDED,"Address: 326 32nd Place East, Tuscaloosa, AL 35405","$265,000 ","$310,309 ","$310,310 ","31,031",592,,RENTED 🙌,"$1,595 ",OCTOBER 2022,3.6% / YEAR,0.60%,3.60%,4.20%,0%,$10 ,
The Highland,"BED: 4    BATH: 2.5    SQ FT: 1,926    YEAR BUILT: 2022",2022-09-08 16:50:12,100% FUNDED,"Address: 139 Highland Park Court, Easley, SC 29642","$272,973 ","$324,312 ","$324,310 ","32,431",480,,SEEKING TENANT,"$1,995 ",OCTOBER 2022,3.6% / YEAR,6.80%,3.60%,10.40%,0%,$10 ,
The Reginald,"BED: 5    BATH: 4    SQ FT: 4,020    YEAR BUILT: 2008",2022-09-08 16:50:16,100% FUNDED,"Address: 1201 Ithaca Drive, McDonough, GA 30253","$435,000 ","$503,856 ","$503,860 ","50,386",1012,,SEEKING TENANT,"$2,595 ",OCTOBER 2022,3.6% / YEAR,3.40%,3.60%,7.00%,0%,$10 ,
The Conway,"BED: 3    BATH: 2.5    SQ FT: 2,241    YEAR BUILT: 2022",2022-09-08 16:50:20,100% FUNDED,"Address: 1113 Leland Avenue, Unit A, Nashville, TN 37216","$685,000 ","$783,103 ","$783,110 ","78,311",1290,,SEEKING TENANT,"$3,695 ",OCTOBER 2022,3.6% / YEAR,9.20%,3.60%,12.80%,0%,$10 ,
The Belle,"BED: 5    BATH: 4    SQ FT: 3,006    YEAR BUILT: 2015",2022-09-08 16:50:24,100% FUNDED,"Address: 1205 Ithaca Drive, McDonough, GA 30253","$440,000 ","$504,093 ","$504,100 ","50,410",802,,RENTED 🙌,"$2,495 ",OCTOBER 2022,3.2% / YEAR,3.40%,3.20%,6.60%,0%,$10 ,
The Chitwood,"BED: 4    BATH: 2.5    SQ FT: 2,245    YEAR BUILT: 2019",2022-09-08 16:50:28,100% FUNDED,"Address: 7159 Berringer Court, Maineville, OH 45039","$385,000 ","$442,134 ","$442,140 ","44,214",887,,SEEKING TENANT,"$2,195 ",OCTOBER 2022,3.2% / YEAR,5.00%,3.20%,8.20%,0%,$10 ,
The Spring,"BED: 3    BATH: 2    SQ FT: 1,432    YEAR BUILT: 2011",2022-09-08 16:50:31,100% FUNDED,"Address: 352 Robin Helton Drive, Boiling Springs, SC 29316","$248,000 ","$288,464 ","$288,470 ","28,847",499,,RENTED 🙌,"$1,695 ",OCTOBER 2022,3.2% / YEAR,9.80%,3.20%,13.00%,0%,$10 ,
The Daisy,"BED: 4    BATH: 2    SQ FT: 1,750    YEAR BUILT: 2003",2022-09-08 16:50:35,100% FUNDED,"Address: 1812 Anthony Drive, Rogers, AR 72756","$302,000 ","$352,052 ","$352,060 ","35,206",605,,RENTED 🙌,"$1,695 ",OCTOBER 2022,3.2% / YEAR,2.20%,3.20%,5.40%,0%,$10 ,
The Henry,"BED: 5    BATH: 3    SQ FT: 3,158    YEAR BUILT: 2015",2022-09-08 16:50:39,100% FUNDED,"Address: 332 Madison Grace Avenue, McDonough, GA 30252","$412,000 ","$475,743 ","$475,750 ","47,575",822,,RENTED 🙌,"$2,450 ",OCTOBER 2022,3.6% / YEAR,5.00%,3.60%,8.60%,0%,$10 ,
The Sodalis,"BED: 3    BATH: 3    SQ FT: 2,027    YEAR BUILT: 2012",2022-09-08 16:50:43,100% FUNDED,"Address: 8539 Gold Rush Way, Camby, IN 46113","$290,000 ","$337,021 ","$337,030 ","33,703",675,,SEEKING TENANT,"$1,795 ",OCTOBER 2022,3.2% / YEAR,7.60%,3.20%,10.80%,0%,$10 ,
The Loretta,"BED: 3    BATH: 2.5    SQ FT: 2,278    YEAR BUILT: 2022",2022-09-08 16:50:47,100% FUNDED,"Address: 1113 Leland Avenue, Unit B, Nashville, TN 37216","$685,000 ","$783,103 ","$783,110 ","78,311",1282,,SEEKING TENANT,"$3,695 ",OCTOBER 2022,3.6% / YEAR,9.20%,3.60%,12.80%,0%,$10 ,
The Kenny,"BED: 3    BATH: 3.5    SQ FT: 2,318    YEAR BUILT: 2022",2022-09-08 16:50:50,100% FUNDED,"Address: 1843 Meade Avenue, Nashville, TN 37207","$690,000 ","$794,227 ","$794,230 ","79,423",1108,,SEEKING TENANT,"$3,895 ",OCTOBER 2022,3.2% / YEAR,12.10%,3.20%,15.30%,0%,$10 ,
The Creekside,"BED: 3    BATH: 2    SQ FT: 1,621    YEAR BUILT: 2021",2022-09-08 16:50:54,100% FUNDED,"Address: 439 North Otoe Street, Farmington, AR 72730","$311,500 ","$361,928 ","$361,930 ","36,193",595,,RENTED 🙌,"$1,945 ",OCTOBER 2022,3.6% / YEAR,2.40%,3.60%,6.00%,0%,$10 ,
The Willow,"BED: 3    BATH: 2    SQ FT: 1,423    YEAR BUILT: 2018",2022-09-08 16:50:58,100% FUNDED,"Address: 825 Northwest 68th Avenue, Bentonville, AR 72712","$293,000 ","$340,969 ","$340,970 ","34,097",572,,RENTED 🙌,"$1,745 ",OCTOBER 2022,3.2% / YEAR,1.90%,3.20%,5.10%,0%,$10 ,
The Wilson,"BED: 4    BATH: 2.5    SQ FT: 2,172    YEAR BUILT: 2005",2022-09-08 16:51:02,100% FUNDED,"Address: 6217 West Persimmon Street, Fayetteville, AR 72704","$385,000 ","$449,567 ","$449,570 ","44,957",663,,RENTED 🙌,"$2,220 ",OCTOBER 2022,3.2% / YEAR,5.20%,3.20%,8.40%,0%,$10 ,
The Dogwood,"BED: 3    BATH: 2    SQ FT: 1,561    YEAR BUILT: 2020",2022-09-08 16:51:06,100% FUNDED,"Address: 1335 Maxwell Circle, Tuscaloosa, AL 35405","$240,000 ","$280,619 ","$280,620 ","28,062",638,,RENTED 🙌,"$1,495 ",OCTOBER 2022,3.2% / YEAR,0.60%,3.20%,3.80%,0%,$10 ,
The Walton,"BED: 3    BATH: 3    SQ FT: 1,629    YEAR BUILT: 2013",2022-09-08 16:51:09,100% FUNDED,"Address: 3211 SW Stonepoint Avenue, Bentonville, AR 72713","$300,000 ","$347,021 ","$347,030 ","34,703",594,,SEEKING TENANT,"$1,795 ",OCTOBER 2022,3.2% / YEAR,1.90%,3.20%,5.10%,0%,$10 ,
The Clover,"BED: 4    BATH: 3    SQ FT: 2,576    YEAR BUILT: 2002",2022-09-08 16:51:13,100% FUNDED,"Address: 125 Cloverwood Drive SW, Huntsville, AL 35824","$330,000 ","$381,959 ","$381,960 ","38,196",663,,RENTED 🙌,"$1,895 ",OCTOBER 2022,3.6% / YEAR,3.40%,3.60%,7.00%,0%,$10 ,
The Dolly,"BED: 3    BATH: 3    SQ FT: 2,276    YEAR BUILT: 2022",2022-09-08 16:51:17,100% FUNDED,"Address: 1845 Meade Avenue, Nashville, TN 37207","$690,000 ","$794,227 ","$794,230 ","79,423",1230,,SEEKING TENANT,"$3,895 ",OCTOBER 2022,3.2% / YEAR,12.10%,3.20%,15.30%,0%,$10 ,
The Riverwalk,"BED: 4    BATH: 3    SQ FT: 2,251    YEAR BUILT: 2013",2022-09-08 16:51:21,100% FUNDED,"Address: 6377 Winlerkorn Lane, Ooltewah, TN 37363","$395,000 ","$457,186 ","$457,190 ","45,719",891,,RENTED 🙌,"$2,395 ",OCTOBER 2022,3.6% / YEAR,4.80%,3.60%,8.40%,0%,$10 ,
The Collier,"BED: 3    BATH: 3    SQ FT: 2,192    YEAR BUILT: 2020",2022-09-08 16:51:24,100% FUNDED,"Address: 1129 Cloud View Drive, Powell, TN 37849","$355,000 ","$410,887 ","$410,890 ","41,089",733,,SEEKING TENANT,"$2,095 ",OCTOBER 2022,3.6% / YEAR,4.30%,3.60%,7.90%,0%,$10 ,
The Folly,"BED: 3    BATH: 3    SQ FT: 1,798    YEAR BUILT: 2016",2022-09-08 16:51:28,100% FUNDED,"Address: 199 Longford Drive, Summerville, SC 29485","$312,000 ","$362,949 ","$362,950 ","36,295",609,,SEEKING TENANT,"$2,095 ",OCTOBER 2022,3.2% / YEAR,4.90%,3.20%,8.10%,0%,$10 ,
The Dorchester,"BED: 3    BATH: 2.5    SQ FT: 2,470    YEAR BUILT: 2016",2022-09-08 16:51:31,100% FUNDED,"Address: 115 Rawlins Drive, Summerville, SC 29485","$345,000 ","$402,268 ","$402,270 ","40,227",644,,SEEKING TENANT,"$2,295 ",OCTOBER 2022,3.2% / YEAR,4.90%,3.20%,8.10%,0%,$10 ,
The Bazzel,"BED: 4    BATH: 3    SQ FT: 2,060    YEAR BUILT: 2017",2022-09-08 16:51:34,100% FUNDED,"Address: 663 Markham Circle, Moore, SC 29369","$248,500 ","$291,258 ","$291,260 ","29,126",622,,SEEKING TENANT,"$1,695 ",OCTOBER 2022,3.2% / YEAR,4.10%,3.20%,7.30%,0%,$10 ,
The June,"BED: 3    BATH: 3    SQ FT: 2,020    YEAR BUILT: 2021",2022-09-08 16:51:38,100% FUNDED,"Address: 520 Yokley Drive, Nashville, TN 37207","$585,000 ","$667,887 ","$667,890 ","66,789",1054,,RENTED 🙌,"$3,320 ",OCTOBER 2022,3.6% / YEAR,12.10%,3.60%,15.70%,0%,$10 ,
The Johnny,"BED: 3    BATH: 3    SQ FT: 2,020    YEAR BUILT: 2021",2022-09-08 16:51:42,100% FUNDED,"Address: 518 Yokley Drive, Nashville, TN 37207","$585,000 ","$667,887 ","$667,890 ","66,789",1096,,SEEKING TENANT,"$3,195 ",OCTOBER 2022,3.6% / YEAR,12.10%,3.60%,15.70%,0%,$10 ,
The Osprey,"BED: 4    BATH: 3    SQ FT: 2,346    YEAR BUILT: 2006",2022-09-08 16:51:46,100% FUNDED,"Address: 5121 Morrow Lane, Summerville, SC 29485","$350,000 ","$404,588 ","$404,590 ","40,459",531,,RENTED 🙌,"$2,295 ",OCTOBER 2022,3.2% / YEAR,4.90%,3.20%,8.10%,0%,$10 ,
The Lookout,"BED: 3    BATH: 2    SQ FT: 1,523    YEAR BUILT: 2001",2022-09-08 16:51:52,100% FUNDED,"Address: 6872 Axiom Lane, Ooltewah, TN 37363","$345,000 ","$399,186 ","$399,190 ","39,919",862,,RENTED 🙌,"$1,945 ",OCTOBER 2022,3.2% / YEAR,4.80%,3.20%,8.00%,0%,$10 ,
The Reynolds,"BED: 4    BATH: 4    SQ FT: 3,008    YEAR BUILT: 2018",2022-09-08 16:51:56,100% FUNDED,"Address: 2712 Trey Court, Ellenwood, GA 30294","$430,000 ","$492,743 ","$492,750 ","49,275",768,,RENTED 🙌,"$2,495 ",OCTOBER 2022,3.2% / YEAR,2.80%,3.20%,6.00%,0%,$10 ,
The Kennesaw,"BED: 5    BATH: 3    SQ FT: 2,906    YEAR BUILT: 2012",2022-09-08 16:52:00,100% FUNDED,"Address: 2557 Kolb Manor Circle SW, Marietta, GA 30008","$425,000 ","$488,196 ","$488,200 ","48,820",781,,RENTED 🙌,"$2,495 ",OCTOBER 2022,3.2% / YEAR,1.80%,3.20%,5.00%,0%,$10 ,
The Pioneer,"BED: 3    BATH: 3    SQ FT: 2,714    YEAR BUILT: 2021",2022-09-08 16:52:04,100% FUNDED,"Address: 9363 Sedalia Street, Commerce City, CO 80022","$574,800 ","$655,773 ","$655,780 ","65,578",934,,SEEKING TENANT,"$3,095 ",OCTOBER 2022,3.2% / YEAR,3.00%,3.20%,6.20%,0%,$10 ,
The Jake,"BED: 3    BATH: 3    SQ FT: 3,131    YEAR BUILT: 2010",2022-09-08 16:52:08,100% FUNDED,"Address: 10803 Sedalia Circle, Commerce City, CO 80022","$593,200 ","$676,309 ","$676,310 ","67,631",842,,SEEKING TENANT,"$3,095 ",OCTOBER 2022,3.2% / YEAR,3.00%,3.20%,6.20%,0%,$10 ,
The Holcomb,"BED: 4    BATH: 2.5    SQ FT: 2,102    YEAR BUILT: 2019",2022-09-08 16:52:11,100% FUNDED,"Address: 1994 Bridgewater Pass, Hampton, GA 30228","$355,000 ","$409,516 ","$409,520 ","40,952",608,,RENTED 🙌,"$2,095 ",OCTOBER 2022,3.2% / YEAR,4.60%,3.20%,7.80%,0%,$10 ,
The Latte,"BED: 5    BATH: 3    SQ FT: 3,162    YEAR BUILT: 2021",2022-09-08 16:52:16,100% FUNDED,"Address: 6030 Thorntons Way Circle NW, Huntsville, AL 35810","$365,000 ","$417,433 ","$417,440 ","41,744",554,,RENTED 🙌,"$2,195 ",OCTOBER 2022,3.2% / YEAR,3.80%,3.20%,7.00%,0%,$10 ,
The Dunbar,"BED: 5    BATH: 3    SQ FT: 2,190    YEAR BUILT: 2010",2022-09-08 16:52:19,100% FUNDED,"Address: 1416 Mutual Drive, Clarksville, TN 37042","$322,000 ","$373,341 ","$373,350 ","37,335",838,,SEEKING TENANT,"$1,795 ",OCTOBER 2022,3.2% / YEAR,7.30%,3.20%,10.50%,0%,$10 ,
The Nugget,"BED: 3    BATH: 3    SQ FT: 2,210    YEAR BUILT: 2020",2022-09-08 16:52:23,100% FUNDED,"Address: 10134 Zeno Street, Commerce City, CO 80022","$562,000 ","$639,103 ","$639,110 ","63,911",825,,RENTED 🙌,"$2,845 ",JULY 2022,3.0% / YEAR,3.00%,3.00%,6.00%,0%,$10 ,
The Pearl,"BED: 3    BATH: 3    SQ FT: 1,732    YEAR BUILT: 2017",2022-09-08 16:52:27,100% FUNDED,"Address: 1929 14th Ave N, Nashville, TN 37208","$546,000 ","$625,691 ","$625,700 ","62,570",821,,SEEKING TENANT,"$2,895 ",JULY 2022,3.0% / YEAR,11.80%,3.00%,14.80%,0%,$10 ,
The Hines,"BED: 3    BATH: 2    SQ FT: 1,321    YEAR BUILT: 2012",2022-09-08 16:52:32,100% FUNDED,"Address: 1323 Whitt Lane, Clarksville, TN 37042","$255,000 ","$296,567 ","$296,570 ","29,657",864,,RENTED 🙌,"$1,620 ",OCTOBER 2022,3.6% / YEAR,7.30%,3.60%,10.90%,0%,$10 ,
The Ritter,"BED: 4    BATH: 3    SQ FT: 2,980    YEAR BUILT: 2012",2022-09-08 16:52:35,100% FUNDED,"Address: 8824 Canary Circle, Colorado Springs, CO 80908","$508,000 ","$580,773 ","$580,780 ","58,078",745,,SEEKING TENANT,"$2,795 ",OCTOBER 2022,3.2% / YEAR,2.90%,3.20%,6.10%,0%,$10 ,
The 101,"BED: 3    BATH: 3    SQ FT: 1,772    YEAR BUILT: 2020",2022-09-08 16:52:39,100% FUNDED,"Address: 2117 Herman Street, Nashville, TN 37208","$635,000 ","$726,454 ","$726,460 ","72,646",956,,SEEKING TENANT,"$3,395 ",OCTOBER 2022,3.2% / YEAR,11.80%,3.20%,15.00%,0%,$10 ,
The Madison,"BED: 3    BATH: 2    SQ FT: 1,326    YEAR BUILT: 2015",2022-09-08 16:52:43,100% FUNDED,"Address: 902 NW Appleby St, Huntsville, AL 35816","$205,000 ","$249,191 ","$146,700 ","14,670",125,,SEEKING TENANT,"$1,495 ",JULY 2022,3.6% / YEAR,10.00%,3.60%,13.60%,50%,$10 ,
The Abbington,"BED: 3    BATH: 3    SQ FT: 2,097    YEAR BUILT: 2005",2022-09-08 16:52:47,100% FUNDED,"Address: 3361 Cain Harbor Dr, Nashville, TN 37214","$480,000 ","$554,042 ","$554,050 ","55,405",608,,SEEKING TENANT,"$2,495 ",JULY 2022,3.0% / YEAR,6.00%,3.00%,9.00%,0%,$10 ,
The Burlington,"BED: 5    BATH: 4    SQ FT: 2,727    YEAR BUILT: 2013",2022-09-08 16:52:50,100% FUNDED,"Address: 10289 Nucla St, Commerce City, CO 80022","$653,500 ","$744,062 ","$744,070 ","74,407",853,,SEEKING TENANT,"$3,395 ",JULY 2022,3.0% / YEAR,3.00%,3.00%,6.00%,0%,$10 ,
The Lannister,"BED: 3    BATH: 2    SQ FT: 1,176    YEAR BUILT: 2008",2022-09-08 16:52:53,100% FUNDED,"Address: 2263 Reece Blvd, Tuscaloosa, AL 35401","$175,000 ","$211,624 ","$96,130 ","9,613",959,,SEEKING TENANT,"$1,195 ",JULY 2022,3.0% / YEAR,9.40%,3.00%,12.40%,66%,$10 ,
The Baron,"BED: 3    BATH: 3    SQ FT: 2,363    YEAR BUILT: 2017",2022-09-08 16:52:57,100% FUNDED,"Address: 12421 E 105th Place, Commerce City, CO 80022","$570,000 ","$653,072 ","$653,080 ","65,308",554,,SEEKING TENANT,"$2,795 ",JULY 2022,3.0% / YEAR,3.00%,3.00%,6.00%,0%,$10 ,
The Swift,"BED: 5    BATH: 3    SQ FT: 2,384    YEAR BUILT: 2019",2022-09-08 16:53:01,100% FUNDED,"Address: 3010 Chris Circle, Villa Rica, GA 30180","$346,000 ","$395,629 ","$395,630 ","39,563",344,,RENTED 🙌,"$2,295 ",JULY 2022,4.2% / YEAR,4.50%,4.20%,8.70%,0%,$10 ,
The Wescott,"BED: 3    BATH: 3    SQ FT: 1,839    YEAR BUILT: 1997",2022-09-08 16:53:05,100% FUNDED,"Address: 416 Sandburg Drive, Clarksville, TN 37042","$272,500 ","$315,425 ","$179,180 ","17,918",192,,RENTED 🙌,"$1,795 ",JULY 2022,3.0% / YEAR,15.10%,3.00%,18.10%,50%,$10 ,
The Wildwood,"BED: 3    BATH: 2    SQ FT: 1,316    YEAR BUILT: 2017",2022-09-08 16:53:09,100% FUNDED,"Address: 1672 Southern Heights Cr. SE, Cleveland, TN 37311","$220,000 ","$260,382 ","$150,390 ","15,039",155,,RENTED 🙌,"$1,620 ",JULY 2022,3.0% / YEAR,8.80%,3.00%,11.80%,50%,$10 ,
The Magnolia,"BED: 3    BATH: 2    SQ FT: 1,650    YEAR BUILT: 1971",2022-09-08 16:53:12,100% FUNDED,"Address: 4741 Kings Highway, Douglasville, GA 30135","$250,000 ","$289,763 ","$114,770 ","11,477",154,,RENTED 🙌,"$1,935 ",JULY 2022,3.0% / YEAR,5.60%,3.00%,8.60%,70%,$10 ,
The Kirkwood,"BED: 3    BATH: 2    SQ FT: 1,358    YEAR BUILT: 2009",2022-09-08 16:53:17,100% FUNDED,"Address: 1064 Cindy Jo Court, Clarksville, TN 37040","$260,000 ","$298,608 ","$116,610 ","11,661",103,,RENTED 🙌,"$1,595 ",JULY 2022,3.0% / YEAR,23.80%,3.00%,26.80%,70%,$10 ,
The Rosewood,"BED: 4    BATH: 2    SQ FT: 1,828    YEAR BUILT: 2016",2022-09-08 16:53:20,100% FUNDED,"Address: 2633 Lily Way, Northport, AL 35473","$270,000 ","$312,124 ","$123,230 ","12,323",177,,SEEKING TENANT,"$1,795 ",JULY 2022,3.0% / YEAR,6.20%,3.00%,9.20%,70%,$10 ,
The Apollo,"BED: 3    BATH: 2    SQ FT: 1,319    YEAR BUILT: 1960",2022-09-08 16:53:24,100% FUNDED,"Address: 609 Marguerite Drive, Huntsville, AL 35805","$195,000 ","$227,768 ","$91,270 ","9,127",912,,RENTED 🙌,"$1,395 ",JULY 2022,3.0% / YEAR,18.50%,3.00%,21.50%,70%,$10 ,
The Wisteria,"BED: 4    BATH: 3    SQ FT: 2,623    YEAR BUILT: 2022",2022-09-08 16:53:28,100% FUNDED,"Address: 9300 Cotton Fields Circle, Tuscaloosa, AL 35405","$296,395 ","$312,575 ","$130,560 ","13,056",149,,RENTED 🙌,"$2,195 ",JULY 2022,3.6% / YEAR,5.30%,3.60%,8.90%,70%,$10 ,
The Heron,"BED: 4    BATH: 3    SQ FT: 1,863    YEAR BUILT: 1989",2022-09-08 16:53:31,100% FUNDED,"Address: 8334 Whitehaven Dr., North Charleston, SC 29420","$287,000 ","$332,065 ","$132,170 ","13,217",130,,RENTED 🙌,"$1,895 ",JULY 2022,3.0% / YEAR,15.80%,3.00%,18.80%,70%,$10 ,
The Stonebriar,"BED: 3    BATH: 2    SQ FT: 1,162    YEAR BUILT: 2010",2022-09-08 16:53:35,100% FUNDED,"Address: 4342 Winchester Hills Drive, Birmingham, AL 35215","$202,000 ","$234,040 ","$99,650 ","9,965",142,,SEEKING TENANT,"$1,295 ",JULY 2022,3.6% / YEAR,6.00%,3.60%,9.60%,66.50%,$10 ,
The Heritage,"BED: 3    BATH: 3    SQ FT: 1,986    YEAR BUILT: 2005",2022-09-08 16:53:38,100% FUNDED,"Address: 432 The Gables Drive, McDonough, GA 30253","$290,000 ","$330,196 ","$127,450 ","12,745",117,,RENTED 🙌,"$1,995 ",JULY 2022,3.0% / YEAR,13.40%,3.00%,16.30%,70%,$10 ,
The Mammoth,"BED: 3    BATH: 3    SQ FT: 2,423    YEAR BUILT: 2004",2022-09-08 16:53:42,100% FUNDED,"Address: 200 Vernon Walk, McDonough, GA 30252","$340,000 ","$386,856 ","$148,860 ","14,886",145,,RENTED 🙌,"$2,095 ",JULY 2022,3.0% / YEAR,18.80%,3.00%,21.80%,70%,$10 ,
The McGregor,"BED: 4    BATH: 3    SQ FT: 2,011    YEAR BUILT: 2012",2022-09-08 16:53:46,100% FUNDED,"Address: 674 Sly Fox Drive, Clarksville, TN 37040","$300,000 ","$353,722 ","$353,730 ","35,373",352,,RENTED 🙌,"$1,895 ",JULY 2022,3.6% / YEAR,6.50%,3.60%,10.10%,0%,$10 ,
The Point,"BED: 4    BATH: 3    SQ FT: 2,571    YEAR BUILT: 2018",2022-09-08 16:53:49,100% FUNDED,"Address: 1129 Hilliard Lane, Clarksville, TN 37042","$382,500 ","$437,812 ","$170,060 ","17,006",206,,RENTED 🙌,"$2,295 ",JULY 2022,3.0% / YEAR,26.40%,3.00%,29.40%,70%,$10 ,
The Roxy,"BED: 4    BATH: 3    SQ FT: 2,025    YEAR BUILT: 2013",2022-09-08 16:53:52,100% FUNDED,"Address: 3736 Gray Fox Drive, Clarksville, TN 37040","$325,000 ","$371,129 ","$143,630 ","14,363",110,,RENTED 🙌,"$1,995 ",JULY 2022,3.0% / YEAR,23.90%,3.00%,26.90%,70%,$10 ,
The Peanut,"BED: 3    BATH: 2    SQ FT: 1,356    YEAR BUILT: 2007",2022-09-08 16:53:57,100% FUNDED,"Address: 160 Roscommon Rd, Tuscaloosa, AL","$215,000 ","$246,176 ","$99,190 ","9,919",251,,RENTED 🙌,"$1,395 ",JULY 2022,4.0% / YEAR,3.30%,4.00%,7.30%,68.40%,$10 ,
The 💯,"BED: 3    BATH: 3    SQ FT: 1,766    YEAR BUILT: 2020",2022-09-08 16:54:02,100% FUNDED,"Address: 2119 Herman Street, Nashville, TN 37208","$615,000 ","$705,794 ","$705,800 ","70,580",1153,,RENTED 🙌,"$3,295 ",JULY 2022,3.6% / YEAR,11.80%,3.60%,15.40%,0%,$10 ,
The Grove,"BED: 3    BATH: 2    SQ FT: 2,050    YEAR BUILT: 2001",2022-09-08 16:54:06,100% FUNDED,"Address: 109 Annie Lane, Pleasant Grove, AL 35127","$225,000 ","$262,593 ","$105,100 ","10,510",95,,RENTED 🙌,"$1,495 ",JULY 2022,3.0% / YEAR,9.80%,3.00%,12.70%,70%,$10 ,
The Lanier,"BED: 3    BATH: 2    SQ FT: 2,284    YEAR BUILT: 2002",2022-09-08 16:54:11,100% FUNDED,"Address: 6464 Flowery Way, Flowery Branch, GA 30542","$377,000 ","$431,962 ","$168,070 ","16,807",193,,RENTED 🙌,"$2,295 ",JULY 2022,3.0% / YEAR,11.30%,3.00%,14.20%,70%,$10 ,
The Jack,"BED: 4    BATH: 2.5    SQ FT: 2,358    YEAR BUILT: 2022",2022-09-08 16:54:14,100% FUNDED,"Address: 4434 Jack Faulk St, Murfreesboro, TN","$413,755 ","$473,213 ","$183,590 ","18,359",270,,RENTED 🙌,"$2,545 ",JULY 2022,3.6% / YEAR,17.90%,3.60%,21.50%,70%,$10 ,
The Bedford,"BED: 5    BATH: 3.5    SQ FT: 2,809    YEAR BUILT: 2014",2022-09-08 16:54:19,100% FUNDED,"Address: 808 Derby Downs Ct, Elgin, SC","$280,000 ","$319,165 ","$123,170 ","12,317",182,,RENTED 🙌,"$2,195 ",JULY 2022,4.4% / YEAR,9.30%,4.40%,13.80%,70%,$10 ,
The Louise,"BED: 4    BATH: 2    SQ FT: 1,815    YEAR BUILT: 2016",2022-09-08 16:54:24,100% FUNDED,"Address: 2615 Lily Way, Northport, AL","$275,000 ","$314,320 ","$132,330 ","13,233",239,,RENTED 🙌,"$1,895 ",JULY 2022,5.6% / YEAR,5.30%,5.60%,10.90%,66.20%,$10 ,
The Gardens,"BED: 3    BATH: 2    SQ FT: 1,485    YEAR BUILT: 2004",2022-09-08 16:54:28,100% FUNDED,"Address: 2014 Inverness Pkwy, Tuscaloosa, AL","$219,900 ","$252,686 ","$116,200 ","11,620",302,,RENTED 🙌,"$1,495 ",JULY 2022,4.4% / YEAR,2.50%,4.40%,6.90%,62.10%,$10 ,
The Hollandaise,"BED: 3    BATH: 2.5    SQ FT: 1,793    YEAR BUILT: 2018",2022-09-08 16:54:31,100% FUNDED,"Address: 741 Hollandale Rd, La Vergne, TN 37086","$365,000 ","$420,108 ","$164,610 ","16,461",315,,RENTED 🙌,"$2,070 ",JULY 2022,3.6% / YEAR,31.30%,3.60%,34.90%,70%,$10 ,
The Hadden,"BED: 3    BATH: 2    SQ FT: 1,183    YEAR BUILT: 2022",2022-09-08 16:54:35,100% FUNDED,"Address: 142 Hadden St, Duncan, SC 29334","$219,900 ","$254,428 ","$110,930 ","11,093",231,,RENTED 🙌,"$1,645 ",JULY 2022,5.6% / YEAR,15.70%,5.60%,21.30%,65.30%,$10 ,
The Avebury,"BED: 3    BATH: 2.5    SQ FT: 1,963    YEAR BUILT: 2021",2022-09-08 16:54:39,100% FUNDED,"Address: 287 Avebury Rd, Meridianville, AL 35759","$290,000 ","$329,330 ","$126,330 ","12,633",184,,RENTED 🙌,"$1,795 ",JULY 2022,4.4% / YEAR,15.60%,4.40%,20.00%,70%,$10 ,
The Tulip,"BED: 5    BATH: 3    SQ FT: 2,511    YEAR BUILT: 2021",2022-09-08 16:54:43,100% FUNDED,"Address: 7339 Tulip Trestle Ct, Northport, AL","$317,000 ","$362,148 ","$140,250 ","14,025",222,,RENTED 🙌,"$2,095 ",JULY 2022,5.2% / YEAR,6.20%,5.20%,11.40%,70%,$10 ,
The Kawana,"BED: 3    BATH: 2.5    SQ FT: 2,503    YEAR BUILT: 2012",2022-09-08 16:54:48,100% FUNDED,"Address: 28041 Kawana Ct, Harvest, AL 35749","$275,000 ","$319,530 ","$127,030 ","12,703",246,,RENTED 🙌,"$1,695 ",PROPERTY EQUITY RETURNS,RENTAL DIVIDEND YIELD,15.30%,5.20%,20.50%,70%,$10 ,
The Chelsea,"BED: 3    BATH: 2.5    SQ FT: 1,643    YEAR BUILT: 2022",2022-09-08 16:54:52,100% FUNDED,"Address: 274 Chelsea Park Rd, Chelsea, AL 35043","$307,845 ","$353,464 ","$137,970 ","13,797",249,,RENTED 🙌,"$1,895 ",JULY 2022,4.8% / YEAR,9.30%,4.80%,14.10%,70%,$10 ,
The Terracotta,"BED: 3    BATH: 2.5    SQ FT: 1,717    YEAR BUILT: 2012",2022-09-08 16:54:57,100% FUNDED,"Address: 10954 E Oak Grove Pl, Tucson, AZ 85747","$318,000 ","$362,414 ","$139,820 ","13,982",249,,RENTED 🙌,"$1,995 ",JULY 2022,4.4% / YEAR,18.20%,4.40%,22.60%,70%,$10 ,
The Otoro,"BED: 4    BATH: 2.5    SQ FT: 3,056    YEAR BUILT: 2015",2022-09-08 16:55:02,100% FUNDED,"Address: 2970 Parkland Vw, Atlanta, GA 30331","$392,000 ","$446,316 ","$171,860 ","17,186",323,,RENTED 🙌,"$2,795 ",JULY 2022,4.8% / YEAR,6.50%,4.80%,11.30%,70%,$10 ,
The Emporia,"BED: 4    BATH: 2.5    SQ FT: 2,543    YEAR BUILT: 2018",2022-09-08 16:55:05,100% FUNDED,"Address: 625 Emporia Loop, McDonough, GA 30253","$350,000 ","$397,580 ","$152,580 ","15,258",288,,RENTED 🙌,"$2,295 ",PROPERTY EQUITY RETURNS,RENTAL DIVIDEND YIELD,13.50%,4.80%,18.30%,70%,$10 ,
The Wave,"BED: 3    BATH: 2.5    SQ FT: 2,028    YEAR BUILT: 2017",2022-09-08 16:55:09,100% FUNDED,"Address: 7491 Waverly Loop, Fairburn, GA 30213","$335,000 ","$377,830 ","$143,330 ","14,333",246,,RENTED 🙌,"$2,195 ",PROPERTY EQUITY RETURNS,RENTAL DIVIDEND YIELD,5.60%,4.80%,10.40%,70%,$10 ,
The Tuxford,"BED: 4    BATH: 2.5    SQ FT: 1,788    YEAR BUILT: 2018",2022-09-08 16:55:13,100% FUNDED,"Address: 958 Tuxford Trl, Elgin, SC 29045","$262,000 ","$299,540 ","$121,040 ","12,104",226,,RENTED 🙌,"$1,895 ",PROPERTY EQUITY RETURNS,RENTAL DIVIDEND YIELD,8.50%,5.20%,13.70%,68.10%,$10 ,
The Greenhill,"BED: 4    BATH: 2    SQ FT: 2,480    YEAR BUILT: 2021",2022-09-08 16:55:17,100% FUNDED,"Address: 640 Frow Dr, Elgin, SC 29045","$325,406 ","$368,290 ","$140,510 ","14,051",170,,RENTED 🙌,"$2,495 ",PROPERTY EQUITY RETURNS,RENTAL DIVIDEND YIELD,9.20%,5.20%,14.40%,70%,$10 ,
The Delta,"BED: 3    BATH: 2.5    SQ FT: 1,997    YEAR BUILT: 2019",2022-09-08 16:55:20,100% FUNDED,"Address: 5042 Rapahoe Trl, Atlanta, GA 30349","$340,000 ","$383,480 ","$145,480 ","14,548",278,,RENTED 🙌,"$2,295 ",PROPERTY EQUITY RETURNS,RENTAL DIVIDEND YIELD,7.10%,4.80%,11.90%,70%,$10 ,
The Saint,"BED: 3    BATH: 2    SQ FT: 1,813    YEAR BUILT: 2019",2022-09-08 16:55:24,100% FUNDED,"Address: 7713 W Long Boat Way, Tucson, AZ 85757","$318,000 ","$359,905 ","$147,910 ","14,791",239,,RENTED 🙌,"$1,995 ",PROPERTY EQUITY RETURNS,RENTAL DIVIDEND YIELD,14.00%,4.00%,18.00%,66.70%,$10 ,
The Lovejoy,"BED: 3    BATH: 2.5    SQ FT: 1,834    YEAR BUILT: 2020",2022-09-08 16:55:28,100% FUNDED,"Address: 2658 Lovejoy Crossing Dr, Hampton, GA 30228","$293,000 ","$333,460 ","$128,360 ","12,836",237,,RENTED 🙌,"$1,995 ",PROPERTY EQUITY RETURNS,RENTAL DIVIDEND YIELD,17.10%,4.80%,21.90%,70%,$10 ,
The Dolittle,"BED: 3    BATH: 2    SQ FT: 1,956    YEAR BUILT: 2021",2022-09-08 16:55:31,100% FUNDED,"Address: 204 Doolittle Dr, Chapin, SC 29036","$304,373 ","$346,953 ","$133,890 ","13,389",183,,RENTED 🙌,"$2,295 ",PROPERTY EQUITY RETURNS,RENTAL DIVIDEND YIELD,11.20%,4.80%,16.00%,70%,$10 ,
The Butter,"BED: 6    BATH: 3    SQ FT: 3,006    YEAR BUILT: 2021",2022-09-08 16:55:35,100% FUNDED,"Address: 162 Lucky Day Dr, Summerville, SC 29486","$374,894 ","$423,494 ","$161,070 ","16,107",208,,RENTED 🙌,"$2,795 ",PROPERTY EQUITY RETURNS,RENTAL DIVIDEND YIELD,15.50%,5.20%,20.70%,70%,$10 ,
The Ribbonwalk,"BED: 4    BATH: 2.5    SQ FT: 2,286    YEAR BUILT: 2018",2022-09-08 16:55:38,100% FUNDED,"Address: 3512 Ribbonwalk Trl, Charlotte, NC 28269","$320,000 ","$363,030 ","$139,030 ","13,903",210,,RENTED 🙌,"$1,995 ",PROPERTY EQUITY RETURNS,RENTAL DIVIDEND YIELD,16.80%,3.60%,20.40%,70%,$10 ,
The Scepter,"BED: 3    BATH: 2.5    SQ FT: 1,500    YEAR BUILT: 2019",2022-09-08 16:55:41,100% FUNDED,"Address: 216 E Scepter Ln, Vail, AZ 85641","$270,000 ","$306,770 ","$117,770 ","11,777",213,,RENTED 🙌,"$1,795 ",PROPERTY EQUITY RETURNS,RENTAL DIVIDEND YIELD,16.10%,4.00%,20.20%,70%,$10 ,
The Ensenada,"BED: 5    BATH: 3    SQ FT: 2,980    YEAR BUILT: 2013",2022-09-08 16:55:44,100% FUNDED,"Address: 6293 N Ensenada Ct, Aurora, CO 80019","$560,000 ","$623,990 ","$231,990 ","23,199",335,,RENTED 🙌,"$3,295 ",PROPERTY EQUITY RETURNS,RENTAL DIVIDEND YIELD,22.90%,4.40%,27.40%,70%,$10 ,
The Davidson,"BED: 3    BATH: 2    SQ FT: 1,200    YEAR BUILT: 2021",2022-09-08 16:55:48,100% FUNDED,"Address: 922 W Davidson St, Gastonia, NC 28052","$210,000 ","$239,540 ","$92,540 ","9,254",118,,RENTED 🙌,"$1,445 ",PROPERTY EQUITY RETURNS,RENTAL DIVIDEND YIELD,15.60%,3.60%,19.20%,70%,$10 ,
The Vernon,"BED: 4    BATH: 2.5    SQ FT: 1,806    YEAR BUILT: 2021",2022-09-08 16:55:52,100% FUNDED,"Address: 135 McMakin Dr, Lyman, SC 29365","$259,767 ","$298,127 ","$116,290 ","11,629",153,,RENTED 🙌,"$1,895 ",PROPERTY EQUITY RETURNS,RENTAL DIVIDEND YIELD,17.50%,5.20%,22.70%,70%,$10 ,
The Murphy,"BED: 3    BATH: 2    SQ FT: 1,956    YEAR BUILT: 2021",2022-09-08 16:55:56,100% FUNDED,"Address: 211 Doolittle Dr, Chapin, SC 29036","$296,097 ","$337,847 ","$130,580 ","13,058",166,,RENTED 🙌,"$2,295 ",PROPERTY EQUITY RETURNS,RENTAL DIVIDEND YIELD,11.10%,4.80%,15.90%,70%,$10 ,
The KerriAnn,"BED: 3    BATH: 2.5    SQ FT: 2,286    YEAR BUILT: 2012",2022-09-08 16:56:00,100% FUNDED,"Address: 414 Kerriann Ln, Clayton, NC 27520","$340,000 ","$384,350 ","$146,350 ","14,635",261,,RENTED 🙌,"$1,895 ",PROPERTY EQUITY RETURNS,RENTAL DIVIDEND YIELD,16.20%,4.00%,20.20%,70%,$10 ,
The Sigma,"BED: 4    BATH: 2.5    SQ FT: 2,465    YEAR BUILT: 2016",2022-09-08 16:56:04,100% FUNDED,"Address: 116 Canvasback Dr, Durham, NC 27704","$385,000 ","$433,460 ","$163,960 ","16,396",206,,RENTED 🙌,"$2,295 ",PROPERTY EQUITY RETURNS,RENTAL DIVIDEND YIELD,11.00%,4.00%,15.00%,70%,$10 ,
The Grant,"BED: 5    BATH: 3    SQ FT: 2,664    YEAR BUILT: 2014",2022-09-08 16:56:07,100% FUNDED,"Address: 1770 Grant Ct, Braselton, GA 30517","$370,000 ","$422,100 ","$163,100 ","16,310",251,,RENTED 🙌,"$2,395 ",PROPERTY EQUITY RETURNS,RENTAL DIVIDEND YIELD,10.90%,4.80%,15.70%,70%,$10 ,
The Bandelier,"BED: 3    BATH: 2    SQ FT: 1,900    YEAR BUILT: 2015",2022-09-08 16:56:11,100% FUNDED,"Address: 6180 W Bandelier Ct, Tucson, AZ 85742","$349,900 ","$392,640 ","$147,710 ","14,771",219,,RENTED 🙌,"$2,195 ",PROPERTY EQUITY RETURNS,RENTAL DIVIDEND YIELD,19.80%,4.00%,23.80%,70%,$10 ,
The McLovin,"BED: 5    BATH: 3.5    SQ FT: 2,933    YEAR BUILT: 2012",2022-09-08 16:56:15,100% FUNDED,"Address: 10711 Truckee Cir, Commerce City, CO 80022","$525,000 ","$587,490 ","$219,990 ","21,999",276,,RENTED 🙌,"$2,995 ",PROPERTY EQUITY RETURNS,RENTAL DIVIDEND YIELD,12.00%,4.40%,16.40%,70%,$10 ,
The Matchingham,"BED: 3    BATH: 2.5    SQ FT: 1,476    YEAR BUILT: 2021",2022-09-08 16:56:19,100% FUNDED,"Address: 1077 Matchingham Dr, Columbia, SC 29223","$209,091 ","$241,591 ","$95,230 ","9,523",115,,RENTED 🙌,"$1,795 ",PROPERTY EQUITY RETURNS,RENTAL DIVIDEND YIELD,6.20%,5.20%,11.40%,70%,$10 ,
The Rooney,"BED: 3    BATH: 2    SQ FT: 1,503    YEAR BUILT: 2017",2022-09-08 16:56:23,100% FUNDED,"Address: 5309 S 18th Pl, Phoenix, AZ 85040","$370,000 ","$415,470 ","$156,470 ","15,647",229,,RENTED 🙌,"$2,095 ",PROPERTY EQUITY RETURNS,RENTAL DIVIDEND YIELD,17.50%,4.40%,21.90%,70%,$10 ,
El Diablo,"BED: 4    BATH: 2.5    SQ FT: 2,187    YEAR BUILT: 2018",2022-09-08 16:56:26,100% FUNDED,"Address: 6566 S Diablo Dr, Tucson, AZ 85757","$297,000 ","$337,620 ","$129,000 ","12,900",203,,RENTED 🙌,"$1,995 ",PROPERTY EQUITY RETURNS,RENTAL DIVIDEND YIELD,15.40%,4.00%,19.40%,70%,$10 ,
The Weldon,"BED: 3    BATH: 2    SQ FT: 1,200    YEAR BUILT: 2021",2022-09-08 16:56:29,100% FUNDED,"Address: 914 N Ransom st, Gastonia, NC 28052","$210,000 ","$239,570 ","$103,070 ","10,307",139,,RENTED 🙌,"$1,445 ",PROPERTY EQUITY RETURNS,RENTAL DIVIDEND YIELD,13.20%,3.60%,16.80%,65%,$10 ,
The Holland,"BED: 3    BATH: 2    SQ FT: 1,200    YEAR BUILT: 2021",2022-09-08 16:56:32,100% FUNDED,"Address: 910 N Ransom St, Gastonia, NC 28052","$210,000 ","$239,860 ","$103,360 ","10,336",126,,SEEKING TENANT,"$1,495 ",PROPERTY EQUITY RETURNS,RENTAL DIVIDEND YIELD,13.20%,3.60%,16.80%,65%,$10 ,
The Elevation,"BED: 4    BATH: 2.5    SQ FT: 2,166    YEAR BUILT: 2021",2022-09-08 16:56:35,100% FUNDED,"Address: 305 Elevation Ct, Inman, SC 29349","$263,347 ","$298,060 ","$125,810 ","12,581",150,,RENTED 🙌,"$1,895 ",PROPERTY EQUITY RETURNS,RENTAL DIVIDEND YIELD,23.50%,5.20%,28.70%,65.40%,$10 ,
The Oly,"BED: 4    BATH: 2.5    SQ FT: 2,071    YEAR BUILT: 2019",2022-09-08 16:56:39,100% FUNDED,"Address: 8880 E 106th Pl, Commerce City, CO 80640","$526,000 ","$587,310 ","$219,110 ","21,911",315,,RENTED 🙌,"$2,795 ",PROPERTY EQUITY RETURNS,RENTAL DIVIDEND YIELD,11.10%,4.40%,15.50%,70%,$10 ,
The Amber,"BED: 3    BATH: 2    SQ FT: 1,340    YEAR BUILT: 2019",2022-09-08 16:56:43,100% FUNDED,"Address: 7312 Amberly Hills Road, Charlotte, NC 28215","$305,000 ","$347,210 ","$146,380 ","14,638",205,,RENTED 🙌,"$1,895 ",PROPERTY EQUITY RETURNS,RENTAL DIVIDEND YIELD,12.20%,3.60%,15.80%,65.80%,$10 ,
The Westchester,"BED: 4    BATH: 3    SQ FT: 2,571    YEAR BUILT: 2017",2022-09-08 16:56:45,100% FUNDED,"Address: 488 Forest Creek Way, Elgin, SC 29045","$340,000 ","$381,030 ","$182,130 ","18,213",227,,RENTED 🙌,"$2,395 ",PROPERTY EQUITY RETURNS,RENTAL DIVIDEND YIELD,6.60%,5.20%,11.80%,58.50%,$10 ,
The Limestone,"BED: 4    BATH: 3    SQ FT: 2,364    YEAR BUILT: 2021",2022-09-08 16:56:50,100% FUNDED,"Address: 863 Bergenfield Ln, Chapin, SC 29036","$290,000 ","$326,980 ","$138,480 ","13,848",179,,RENTED 🙌,"$2,195 ",PROPERTY EQUITY RETURNS,RENTAL DIVIDEND YIELD,9.50%,5.20%,14.70%,65%,$10 ,
The Jupiter,"BED: 3    BATH: 2    SQ FT: 1,200    YEAR BUILT: 2021",2022-09-08 16:56:54,100% FUNDED,"Address: 930 Junius St, Gastonia, NC 28052","$215,000 ","$245,080 ","$105,330 ","10,533",132,,RENTED 🙌,"$1,495 ",PROPERTY EQUITY RETURNS,RENTAL DIVIDEND YIELD,13.20%,3.60%,16.80%,65%,$10 ,
The Ridge,"BED: 3    BATH: 2.5    SQ FT: 1,470    YEAR BUILT: 2019",2022-09-08 16:56:59,100% FUNDED,"Address: 308 Oristo Ridge Way, West Columbia, SC 29170","$216,000 ","$245,700 ","$105,300 ","10,530",141,,RENTED 🙌,"$1,595 ",PROPERTY EQUITY RETURNS,RENTAL DIVIDEND YIELD,8.00%,5.20%,13.20%,65%,$10 ,
The Bayside,"BED: 3    BATH: 2    SQ FT: 2,083    YEAR BUILT: 2013",2022-09-08 16:57:04,100% FUNDED,"Address: 59 Bayside Ct, Columbia, SC 29229","$255,000 ","$288,800 ","$123,050 ","12,305",120,,RENTED 🙌,"$1,995 ",PROPERTY EQUITY RETURNS,RENTAL DIVIDEND YIELD,7.10%,5.20%,12.30%,65%,$10 ,
The Elm,"BED: 3    BATH: 2    SQ FT: 1,400    YEAR BUILT: 2021",2022-09-08 16:57:08,100% FUNDED,"Address: 1231 Tolliver St, Columbia, SC 29201","$165,000 ","$189,380 ","$82,130 ","8,213",107,,RENTED 🙌,"$1,495 ",PROPERTY EQUITY RETURNS,RENTAL DIVIDEND YIELD,10.10%,5.20%,15.30%,65%,$10 ,
The River,"BED: 4    BATH: 3    SQ FT: 2,018    YEAR BUILT: 2013",2022-09-08 16:57:12,100% FUNDED,"Address: 232 Rivers Edge Cir, Simpsonville, SC 29680","$265,000 ","$299,900 ","$127,650 ","12,765",146,,RENTED 🙌,"$1,895 ",PROPERTY EQUITY RETURNS,RENTAL DIVIDEND YIELD,7.50%,5.20%,12.70%,65%,$10 ,
The Coatbridge,"BED: 4    BATH: 2    SQ FT: 1,774    YEAR BUILT: 2019",2022-09-08 16:57:17,100% FUNDED,"Address: 172 Coatbridge Dr, Blythewood, SC 29016","$270,000 ","$306,700 ","$131,200 ","13,120",189,,RENTED 🙌,"$1,895 ",PROPERTY EQUITY RETURNS,RENTAL DIVIDEND YIELD,9.50%,5.20%,14.70%,65%,$10 ,
The Lennox,"BED: 3    BATH: 2    SQ FT: 1,392    YEAR BUILT: 2017",2022-09-08 16:57:21,100% FUNDED,"Address: 1320 House St, Columbia, SC 29204","$215,000 ","$245,680 ","$105,930 ","10,593",120,,RENTED 🙌,"$1,595 ",PROPERTY EQUITY RETURNS,RENTAL DIVIDEND YIELD,8.00%,5.20%,13.20%,65%,$10 ,
The Olive,"BED: 4    BATH: 2.5    SQ FT: 2,125    YEAR BUILT: 2012",2022-09-08 16:57:26,100% FUNDED,"Address: 240 Tea Olive Ave, Lexington, SC 29073","$230,000 ","$263,420 ","$137,320 ","13,732",191,,RENTED 🙌,"$1,795 ",PROPERTY EQUITY RETURNS,RENTAL DIVIDEND YIELD,5.50%,5.20%,10.70%,54.80%,$10 ,
The Dawson,"BED: 3    BATH: 2.5    SQ FT: 1,853    YEAR BUILT: 2019",2022-09-08 16:57:30,100% FUNDED,"Address: 313 Dawsons Park Dr, Lexington, SC 29072","$225,000 ","$256,190 ","$109,940 ","10,994",134,,SEEKING TENANT,"$1,695 ",PROPERTY EQUITY RETURNS,RENTAL DIVIDEND YIELD,7.10%,5.20%,12.30%,65%,$10 ,
The Odessa,"BED: 4    BATH: 2.5    SQ FT: 1,951    YEAR BUILT: 2018",2022-09-08 16:57:34,100% FUNDED,"Address: 4669 S Odessa St, Aurora, CO 80015","$535,000 ","$594,880 ","$220,380 ","22,038",287,,RENTED 🙌,"$2,945 ",PROPERTY EQUITY RETURNS,RENTAL DIVIDEND YIELD,10.20%,4.40%,14.60%,70%,$10 ,
The Lily,"BED: 4    BATH: 2.5    SQ FT: 4,074    YEAR BUILT: 2016",2022-09-08 16:57:39,100% FUNDED,"Address: 9799 Desert Lily Cir, Colorado Springs, CO 80925","$505,000 ","$555,258 ","$243,760 ","24,376",291,,SEEKING TENANT,"$3,195 ",PROPERTY EQUITY RETURNS,RENTAL DIVIDEND YIELD,9.00%,4.40%,13.40%,61.70%,$10 ,
The Saturn,"BED: 3    BATH: 2    SQ FT: 1,200    YEAR BUILT: 2021",2022-09-08 16:57:43,100% FUNDED,"Address: 923 Jupiter St, Gastonia, NC 28052","$215,000 ","$245,090 ","$105,340 ","10,534",137,,RENTED 🙌,"$1,445 ",PROPERTY EQUITY RETURNS,RENTAL DIVIDEND YIELD,13.20%,3.60%,16.80%,65%,$10 ,
The Sugar,"BED: 4    BATH: 2.5    SQ FT: 2,208    YEAR BUILT: 2013",2022-09-08 16:57:48,100% FUNDED,"Address: 300 Southern Sugar Ave, Moncks Corner, SC 29461","$310,000 ","$348,560 ","$147,060 ","14,706",157,,RENTED 🙌,"$2,195 ",PROPERTY EQUITY RETURNS,RENTAL DIVIDEND YIELD,10.90%,4.00%,14.90%,65%,$10 ,
The Meadow,"BED: 3    BATH: 2.5    SQ FT: 1,793    YEAR BUILT: 2015",2022-09-08 16:57:52,100% FUNDED,"Address: 9235 Avery Meadows Dr, Charlotte, NC 28216","$320,000 ","$373,960 ","$159,060 ","15,906",199,,RENTED 🙌,"$1,795 ",PROPERTY EQUITY RETURNS,RENTAL DIVIDEND YIELD,15.50%,3.60%,19.10%,67.20%,$10 ,
The Collinston,"BED: 3    BATH: 2    SQ FT: 1,200    YEAR BUILT: 2021",2022-09-08 16:57:56,100% FUNDED,"Address: 1507 Collinston Dr, Gastonia, NC 28052","$210,000 ","$239,570 ","$103,070 ","10,307",115,,RENTED 🙌,"$1,445 ",PROPERTY EQUITY RETURNS,RENTAL DIVIDEND YIELD,13.20%,3.60%,16.80%,65%,$10 ,
The Saddlebred,"BED: 5    BATH: 3.5    SQ FT: 3,950    YEAR BUILT: 2009",2022-09-08 16:58:01,100% FUNDED,"Address: 6213 Saddlebred Way, Colorado Springs, CO 80925","$475,000 ","$530,930 ","$198,430 ","19,843",263,,SEEKING TENANT,"$2,795 ",PROPERTY EQUITY RETURNS,RENTAL DIVIDEND YIELD,12.00%,4.40%,16.40%,70%,$10 ,
The Roseberry,"BED: 4    BATH: 2.5    SQ FT: 2,289    YEAR BUILT: 2018",2022-09-08 16:58:05,100% FUNDED,"Address: 5013 Paddy Field Way, Ladson, SC 29456","$325,000 ","$357,670 ","$146,420 ","14,642",206,,RENTED 🙌,"$2,295 ",PROPERTY EQUITY RETURNS,RENTAL DIVIDEND YIELD,12.20%,5.20%,17.40%,65%,$10 ,
The Windsor,"BED: 4    BATH: 2.5    SQ FT: 2,516    YEAR BUILT: 2017",2022-09-08 16:58:10,100% FUNDED,"Address: 3910 Greico Rd, North Charleston, SC 29420","$350,000 ","$384,709 ","$157,210 ","15,721",192,,RENTED 🙌,"$2,595 ",PROPERTY EQUITY RETURNS,RENTAL DIVIDEND YIELD,13.50%,5.20%,18.70%,65%,$10 ,
The Forest,"BED: 4    BATH: 3.5    SQ FT: 3,372    YEAR BUILT: 2014",2022-09-08 16:58:14,100% FUNDED,"Address: 407 Forest Hills Rd, Summerville, SC 29486","$350,000 ","$390,700 ","$163,200 ","16,320",171,,RENTED 🙌,"$2,495 ",PROPERTY EQUITY RETURNS,RENTAL DIVIDEND YIELD,13.20%,5.20%,18.40%,65%,$10 ,
The Summerset,"BED: 4    BATH: 2    SQ FT: 1,560    YEAR BUILT: 2010",2022-09-08 16:58:18,100% FUNDED,"Address: 2016 Culloden Dr, Summerville, SC 29483","$255,000 ","$284,610 ","$118,860 ","11,886",171,,RENTED 🙌,"$1,695 ",PROPERTY EQUITY RETURNS,RENTAL DIVIDEND YIELD,12.70%,5.20%,18.00%,65%,$10 ,
The Basil,"BED: 3    BATH: 2    SQ FT: 1,261    YEAR BUILT: 2016",2022-09-08 16:58:22,100% FUNDED,"Address: 317 Morning Creek Dr, Easley, SC 29640","$202,500 ","$227,264 ","$95,640 ","9,564",169,,RENTED 🙌,"$1,495 ",PROPERTY EQUITY RETURNS,RENTAL DIVIDEND YIELD,16.40%,5.20%,21.60%,65%,$10 ,
The Lallie,"BED: 3    BATH: 2.5    SQ FT: 2,460    YEAR BUILT: 2020",2022-09-08 16:58:27,100% FUNDED,"Address: 210 Ilderton St, Summerville, SC 29483","$370,000 ","$410,240 ","$169,740 ","16,974",196,,RENTED 🙌,"$2,495 ",PROPERTY EQUITY RETURNS,RENTAL DIVIDEND YIELD,12.90%,5.20%,18.10%,65%,$10 ,
The Dewberry,"BED: 3    BATH: 2.5    SQ FT: 1,383    YEAR BUILT: 2014",2022-09-08 16:58:31,100% FUNDED,"Address: 130 Bonhomme Cir, Lexington, SC 29072","$190,000 ","$213,655 ","$92,430 ","9,243",126,,RENTED 🙌,"$1,595 ",PROPERTY EQUITY RETURNS,RENTAL DIVIDEND YIELD,7.20%,5.20%,12.40%,65%,$10 ,
The Spencer,"BED: 3    BATH: 2.5    SQ FT: 2,123    YEAR BUILT: 2013",2022-09-08 16:58:37,100% FUNDED,"Address: 9621 Spencer Woods Rd, Ladson, SC 29456","$300,000 ","$333,770 ","$138,770 ","13,877",186,,RENTED 🙌,"$2,195 ",PROPERTY EQUITY RETURNS,RENTAL DIVIDEND YIELD,11.80%,5.20%,17.00%,65%,$10 ,
The Centennial,"BED: 3    BATH: 2.5    SQ FT: 1,893    YEAR BUILT: 2013",2022-09-08 16:58:41,100% FUNDED,"Address: 726 Centennial St, Gastonia, NC 28056","$285,000 ","$308,300 ","$118,300 ","11,830",155,,RENTED 🙌,"$1,895 ",PROPERTY EQUITY RETURNS,RENTAL DIVIDEND YIELD,16.00%,4.80%,20.80%,66.70%,$10 ,
The Mojave,"BED: 3    BATH: 2    SQ FT: 1,500    YEAR BUILT: 2021",2022-09-08 16:58:46,100% FUNDED,"Address: 340 N Mojave, Farmington, AR 72730","$234,000 ","$268,080 ","$115,980 ","11,598",190,,RENTED 🙌,"$1,595 ",PROPERTY EQUITY RETURNS,RENTAL DIVIDEND YIELD,8.10%,6.40%,14.60%,65%,$10 ,
The Wentworth,"BED: 3    BATH: 2    SQ FT: 1,450    YEAR BUILT: 2021",2022-09-08 16:58:50,100% FUNDED,"Address: 352 N Mojave, Farmington, AR 72730","$226,200 ","$259,560 ","$112,530 ","11,253",179,,RENTED 🙌,"$1,550 ",PROPERTY EQUITY RETURNS,RENTAL DIVIDEND YIELD,8.10%,6.40%,14.50%,65%,$10 ,
The Cupcake,"BED: 3    BATH: 2    SQ FT: 1,401    YEAR BUILT: 2021",2022-09-08 16:58:54,100% FUNDED,"Address: 358 N Mojave, Farmington, AR 72730","$218,556 ","$251,210 ","$109,150 ","10,915",186,,RENTED 🙌,"$1,550 ",PROPERTY EQUITY RETURNS,RENTAL DIVIDEND YIELD,8.10%,6.40%,14.50%,65%,$10 ,
The Shoreline,"BED: 3    BATH: 3    SQ FT: 2,422    YEAR BUILT: 2011",2022-09-08 16:58:59,100% FUNDED,"Address: 606 Shoreline Blvd, Boiling Springs, SC 29316","$310,000 ","$336,800 ","$124,900 ","12,490",200,,RENTED 🙌,"$2,295 ",PROPERTY EQUITY RETURNS,RENTAL DIVIDEND YIELD,34.00%,5.20%,39.20%,68.40%,$10 ,
The Holloway,"BED: 5    BATH: 4    SQ FT: 3,156    YEAR BUILT: 2015",2022-09-08 16:59:03,100% FUNDED,"Address: 601 W Czardas Way, Woodruff, SC 29388","$340,000 ","$368,840 ","$147,840 ","14,784",229,,RENTED 🙌,"$2,495 ",PROPERTY EQUITY RETURNS,RENTAL DIVIDEND YIELD,16.20%,5.20%,21.40%,65%,$10 ,
The Badminton,"BED: 4    BATH: 2.5    SQ FT: 2,521    YEAR BUILT: 2016",2022-09-08 16:59:08,100% FUNDED,"Address: 414 Badminton Ct, Lexington, SC 29072","$255,000 ","$284,440 ","$110,240 ","11,024",148,,RENTED 🙌,"$1,995 ",PROPERTY EQUITY RETURNS,RENTAL DIVIDEND YIELD,7.00%,5.20%,12.20%,65%,$10 ,
The Eastfair,"BED: 4    BATH: 3    SQ FT: 1,794    YEAR BUILT: 2017",2022-09-08 16:59:12,100% FUNDED,"Address: 461 Eastfair Dr, Columbia, SC 29209","$215,000 ","$236,030 ","$86,030 ","8,603",113,,RENTED 🙌,"$1,795 ",PROPERTY EQUITY RETURNS,RENTAL DIVIDEND YIELD,11.70%,5.20%,16.90%,69.80%,$10 ,
The Malbec,"BED: 4    BATH: 4    SQ FT: 2,031    YEAR BUILT: 2020",2022-09-08 16:59:16,100% FUNDED,"Address: 755 N Malbec Rd, Fayetteville, AR 72704","$320,898 ","$346,445 ","$137,860 ","13,786",226,,RENTED 🙌,"$2,195 ",PROPERTY EQUITY RETURNS,RENTAL DIVIDEND YIELD,17.10%,6.40%,23.50%,65%,$10 ,
The Pinot,"BED: 4    BATH: 4    SQ FT: 2,052    YEAR BUILT: 2020",2022-09-08 16:59:20,100% FUNDED,"Address: 763 N Malbec Rd, Fayetteville, AR 72704","$324,216 ","$349,968 ","$139,230 ","13,923",212,,RENTED 🙌,"$2,195 ",PROPERTY EQUITY RETURNS,RENTAL DIVIDEND YIELD,17.10%,6.40%,23.50%,65%,$10 ,
The Luna,"BED: 3    BATH: 3    SQ FT: 1,697    YEAR BUILT: 2016",2022-09-08 16:59:25,100% FUNDED,"Address: 417 Hosea Ct, Lexington, SC 29072","$215,000 ","$240,710 ","$90,710 ","9,071",137,,RENTED 🙌,"$1,750 ",PROPERTY EQUITY RETURNS,RENTAL DIVIDEND YIELD,8.50%,5.20%,13.70%,69.80%,$10 ,
The Kingsley,"BED: 4    BATH: 3.5    SQ FT: 2,890    YEAR BUILT: 2018",2022-09-08 16:59:29,100% FUNDED,"Address: 505 Kingsley View Rd, Blythewood, SC 29016","$315,000 ","$341,849 ","$126,850 ","12,685",188,,RENTED 🙌,"$2,295 ",PROPERTY EQUITY RETURNS,RENTAL DIVIDEND YIELD,11.70%,5.20%,16.90%,68.30%,$10 ,
The Splash,"BED: 3    BATH: 2    SQ FT: 1,470    YEAR BUILT: 2015",2022-09-08 16:59:34,100% FUNDED,"Address: 994 S Splash Dr, Fayetteville, AR 72701","$215,000 ","$234,410 ","$111,910 ","11,191",188,,RENTED 🙌,"$1,450 ",PROPERTY EQUITY RETURNS,RENTAL DIVIDEND YIELD,9.30%,6.40%,15.70%,57%,$10 ,
The Tuscan,"BED: 4    BATH: 4    SQ FT: 2,031    YEAR BUILT: 2020",2022-09-08 16:59:38,100% FUNDED,"Address: 3474 W Tuscan Rd, Fayetteville, AR 72704","$320,898 ","$346,920 ","$165,520 ","16,552",235,,RENTED 🙌,"$2,295 ",PROPERTY EQUITY RETURNS,RENTAL DIVIDEND YIELD,13.60%,6.40%,20.00%,56.50%,$10 ,
The Salem,"BED: 4    BATH: 4    SQ FT: 2,031    YEAR BUILT: 2020",2022-09-08 16:59:42,100% FUNDED,"Address: 659 N Salem Rd, Fayetteville, AR 72704","$320,898 ","$346,360 ","$133,810 ","13,381",188,,RENTED 🙌,"$2,195 ",PROPERTY EQUITY RETURNS,RENTAL DIVIDEND YIELD,17.70%,6.40%,24.10%,66.20%,$10 ,
The Pecan,"BED: 3    BATH: 2    SQ FT: 1,650    YEAR BUILT: 2013",2022-09-08 16:59:46,100% FUNDED,"Address: 4481 W Pecan St, Fayetteville, AR 72704","$198,500 ","$219,820 ","$106,960 ","10,696",107,,RENTED 🙌,"$1,450 ",PROPERTY EQUITY RETURNS,RENTAL DIVIDEND YIELD,12.00%,6.40%,18.40%,54.10%,$10 ,
The Patrick,"BED: 3    BATH: 2    SQ FT: 1,575    YEAR BUILT: 1996",2022-09-08 16:59:51,100% FUNDED,"Address: 4309 W Patrick St, Fayetteville, AR 72704","$191,000 ","$221,690 ","$113,390 ","11,339",102,,RENTED 🙌,"$1,600 ",PROPERTY EQUITY RETURNS,RENTAL DIVIDEND YIELD,9.70%,5.60%,15.30%,51.50%,$10 ,
The Plumtree,"BED: 3    BATH: 2    SQ FT: 1,642    YEAR BUILT: 1995",2022-09-08 16:59:55,100% FUNDED,"Address: 4455 W Chaparral Ln, Fayetteville, AR 72704","$202,950 ","$220,080 ","$108,930 ","10,893",102,,RENTED 🙌,"$1,600 ",PROPERTY EQUITY RETURNS,RENTAL DIVIDEND YIELD,13.30%,7.60%,20.90%,54.80%,$10 ,
The Chaparral,"BED: 3    BATH: 2    SQ FT: 1,512    YEAR BUILT: 1994",2022-09-08 17:00:00,100% FUNDED,"Address: 4309 W Chaparral Ln, Fayetteville, AR 72704","$184,900 ","$209,120 ","$104,810 ","10,481",102,,RENTED 🙌,"$1,575 ",PROPERTY EQUITY RETURNS,RENTAL DIVIDEND YIELD,11.00%,6.80%,17.80%,52.70%,$10 ,
The Lierly,"BED: 3    BATH: 2    SQ FT: 1,827    YEAR BUILT: 2010",2022-09-08 17:00:04,100% FUNDED,"Address: 4203 W Lierly Ln, Fayetteville, AR 72704","$212,500 ","$225,660 ","$94,560 ","9,456",102,,RENTED 🙌,"$1,750 ",PROPERTY EQUITY RETURNS,RENTAL DIVIDEND YIELD,16.40%,7.20%,23.60%,61%,$10 ,
The Soapstone,"BED: 3    BATH: 2    SQ FT: 1,973    YEAR BUILT: 2006",2022-09-08 17:00:09,100% FUNDED,"Address: 4672 W Soapstone Dr, Fayetteville, AR 72704","$217,500 ","$228,410 ","$100,160 ","10,016",102,,RENTED 🙌,"$1,600 ",PROPERTY EQUITY RETURNS,RENTAL DIVIDEND YIELD,15.30%,6.40%,21.70%,58.30%,$10 ,